Patient_ID,SLC1A5,KRT5,NFYA,ADGRG1,CAPS,SFN,DKK4,TTYH3,TPM3,HAPLN3,CFAP97,RHBDD2,LAMC3,CTIF,FADS2,DNAJB14,TSR2,LAD1,MELTF,MRPL51,SYNPO2,FAM20B,TRIM26,KANK4,TUBA1B,COA6,SLC26A6,TFF3,ADGRE5,STARD7,PLPP2,MMP7,MFAP4,KCTD12,CD34,PAGE4,GMFG,MZB1,UBE2Z,RPS16,TGFBI,CALB2,BAG2,TAB3,STX10,FKBP11,IGLL5,RPS9,RBP4,WDR73,RPL35,RNASE2,MSL1,ALDH1A1,TTR,SEC11C,PLAC9,MRPL13,VCAN,RPL30,ILK,HPGD,C7,USP1,KIAA2013,SOD3,OLFML3,TRIM68,PCBD1,POLRMT,ENTPD5,ARRDC1,LSM5,VCL,THBS4,PRKCSH,CLC,CD59
C3L-00006,0.263,0.634,-0.10800000000000001,-0.10099999999999999,1.27,-0.223,-0.261,0.322,-0.976,2.19,-0.00755,0.613,-1.41,-0.38299999999999995,1.05,0.361,-0.28,0.32,-2.13,0.903,-0.823,-0.055,-0.24100000000000002,0.511,-0.409,0.9670000000000001,1.17,-1.1,-0.5489999999999999,0.114,0.9009999999999999,2.0,-2.42,-1.53,-1.24,-0.987,-0.561,-0.146,-0.0532,-0.235,-1.4,0.12,-1.36,-0.731,0.466,-0.191,-1.73,0.7070000000000001,-1.04,-0.068,0.19699999999999998,-0.38,0.396,-0.318,-1.04,0.9940000000000001,-0.359,0.527,0.271,0.331,-0.46,0.67,-0.84,-0.0276,0.41700000000000004,-0.823,-0.953,-0.1,-0.27899999999999997,0.684,0.14300000000000002,0.11800000000000001,0.316,-0.8109999999999999,-0.575,0.157,-1.55,0.306
C3L-00008,1.42,-1.16,-0.483,1.04,2.49,-0.106,0.611,1.06,-0.762,1.68,-0.364,1.15,-0.0246,-0.27699999999999997,1.75,0.21100000000000002,0.0666,0.85,-0.805,0.593,-1.4,0.322,0.353,0.564,-0.395,-0.07200000000000001,0.374,3.61,-1.67,-0.342,1.58,-1.35,-2.35,-1.81,-0.812,-1.58,-1.09,-1.54,-0.00727,0.583,1.16,-2.39,-0.303,-0.395,0.557,-0.315,-0.355,0.782,-0.642,0.513,0.8320000000000001,-0.364,0.21600000000000003,-2.3,-1.22,0.816,-2.31,0.5429999999999999,0.635,0.536,-0.737,-0.586,-0.23600000000000002,0.292,0.5589999999999999,-2.07,-0.705,1.06,-0.8370000000000001,0.461,1.41,0.45799999999999996,-0.341,-0.674,-0.659,0.0315,-0.192,-0.429
C3L-00032,1.11,0.517,-0.0152,0.33799999999999997,1.9,0.00883,-0.909,0.606,-1.7,-0.84,0.13699999999999998,0.614,-0.359,-0.0802,1.14,0.282,-0.22899999999999998,0.20800000000000002,-1.93,-0.0832,-0.34600000000000003,-0.0534,0.0988,0.392,-0.425,0.9640000000000001,0.36700000000000005,2.02,-0.239,-0.0632,0.6920000000000001,-0.23,-0.442,-0.222,-0.47100000000000003,0.637,0.7290000000000001,1.84,0.149,0.0603,-0.258,0.205,-0.47100000000000003,-0.201,0.114,1.09,-0.5770000000000001,0.406,-0.0926,0.795,-0.629,-0.24100000000000002,-0.506,1.02,-0.778,1.5,-0.402,-0.0672,-1.1,0.40700000000000003,-0.354,0.6890000000000001,-0.61,-0.01,0.311,-0.55,-0.00145,-0.0822,-0.091,0.677,0.897,-0.242,-0.332,-0.345,-0.406,-0.166,-0.0719,0.308
C3L-00090,-0.6509999999999999,0.508,-0.0361,0.478,0.758,0.46,1.1,0.38299999999999995,0.223,-1.02,0.111,-0.327,0.568,-0.513,0.9570000000000001,0.311,0.0563,0.107,-0.74,-0.0283,-1.74,0.0697,0.0639,-1.44,-0.35,0.813,0.648,-0.733,-0.684,0.33399999999999996,2.15,-0.86,-3.27,-1.06,-0.21100000000000002,-2.56,-0.52,-0.0114,-0.0622,0.441,-1.46,-0.765,-1.09,-0.526,0.396,0.677,-0.879,-0.163,-1.39,0.251,0.0537,-0.10800000000000001,-0.445,-0.63,-1.7,-0.122,-1.87,0.0654,-1.33,-0.146,-0.627,2.98,-1.29,-0.295,0.386,-2.59,-1.03,-0.17800000000000002,1.55,0.47,0.252,0.161,-0.34600000000000003,-0.812,-0.44299999999999995,-0.2,-3.85,-0.61
C3L-00098,1.08,-1.31,-0.20199999999999999,0.9440000000000001,-0.845,1.28,-1.7,0.22699999999999998,-0.17,0.121,-0.0565,-1.03,-0.96,-0.289,-0.946,-0.124,0.0202,1.16,0.498,-0.0186,-2.88,0.517,0.474,-1.67,-0.212,0.601,1.44,-1.28,0.239,0.5670000000000001,-2.07,-1.28,-4.81,-0.826,-2.01,-2.47,0.0776,0.9309999999999999,-0.154,0.319,-2.33,-1.48,-1.61,-0.121,1.15,-1.2,-1.24,-0.39799999999999996,-0.249,-0.184,0.486,-0.5489999999999999,-0.228,-2.05,-0.6890000000000001,0.42200000000000004,-0.768,0.32,-0.24,0.0353,-1.3,-0.557,-0.546,0.14300000000000002,0.361,-2.29,-2.8,-1.22,0.254,1.23,-0.0398,0.774,-0.569,-1.99,-2.08,0.354,-2.25,-0.872
C3L-00136,5.43,2.55,-0.89,1.29,0.212,3.2,6.9,1.24,-0.35700000000000004,-0.456,-0.0011,2.22,0.929,-0.402,-0.17800000000000002,0.5,-0.552,2.38,-0.679,0.0626,-1.76,1.42,-0.171,2.3,-0.66,0.217,1.55,-1.08,-1.04,0.191,0.93,0.81,-0.8590000000000001,-1.26,-1.02,-2.92,-0.0032700000000000003,-0.0024100000000000002,-0.315,0.225,0.0176,-0.5589999999999999,0.0433,-0.284,0.342,-0.345,-1.56,0.0215,-1.26,-0.585,0.451,0.991,-0.13,-0.478,-1.65,1.59,-1.26,-0.149,-1.01,-0.0881,-0.8190000000000001,0.898,-1.17,-0.146,0.37,-2.67,-0.7440000000000001,-0.19899999999999998,-0.363,-0.29100000000000004,-0.10099999999999999,-0.11,-0.111,-1.03,-1.42,0.47100000000000003,2.89,0.047
C3L-00137,-0.8390000000000001,0.632,0.285,0.428,1.33,-0.304,1.6,0.66,-0.242,2.27,0.0197,0.917,0.456,-0.344,2.11,0.40399999999999997,0.106,0.474,-0.688,-0.0233,-0.772,0.32799999999999996,0.182,0.785,-0.769,-0.0284,0.87,-0.872,-0.8370000000000001,-0.172,1.91,0.889,-0.889,-1.38,-1.66,-1.43,-0.9359999999999999,-2.74,0.18899999999999997,0.35200000000000004,-1.32,-0.292,-1.26,-0.231,0.20199999999999999,1.07,-1.65,-0.321,-0.551,0.29100000000000004,0.49700000000000005,-0.598,-0.14300000000000002,-1.59,-1.59,1.2,-1.01,-0.174,1.22,0.212,-0.215,2.15,-1.03,-0.106,0.23800000000000002,-2.37,-1.51,0.16699999999999998,-0.665,-0.0156,-0.6,-0.391,0.366,-0.57,-0.115,0.0213,-0.691,0.358
C3L-00139,0.00247,1.82,-0.151,-0.33399999999999996,-1.7,-1.05,-0.12300000000000001,0.395,-0.0033799999999999998,2.65,-1.84,0.248,-0.665,-0.22,1.47,-0.813,0.0648,0.5760000000000001,-1.04,0.207,-1.06,-0.149,0.156,2.16,-0.159,-0.0338,-2.23,-2.59,-0.366,0.402,-1.24,1.92,-0.382,-0.154,-1.44,-0.007909999999999999,-0.934,-0.163,-0.8690000000000001,0.35700000000000004,-1.63,2.04,-0.823,-0.966,0.196,-0.848,-0.9279999999999999,-0.039,-1.27,-0.0447,-0.47200000000000003,-0.17300000000000001,0.45899999999999996,0.27899999999999997,-1.09,-0.397,-2.45,-0.0428,1.26,-0.0632,-0.6409999999999999,-1.75,-0.249,0.42,-0.319,-0.266,-0.635,-0.0463,-0.0939,0.0904,0.484,-0.45,0.0769,-0.419,-0.738,1.03,-1.78,-0.489
C3L-00143,0.405,-1.68,0.139,1.41,1.06,0.0914,-1.01,0.171,0.121,-0.0871,-0.755,0.0528,1.56,-0.331,-1.67,0.13,0.14800000000000002,1.19,0.735,-0.682,-2.23,0.56,0.312,-0.727,-0.6629999999999999,1.06,-0.6409999999999999,-1.56,-0.0265,-0.0009570000000000001,0.0463,0.41100000000000003,-2.64,-0.00144,-1.77,-2.27,1.41,0.541,-0.21600000000000003,0.664,-1.56,-1.16,-1.72,-0.313,0.136,0.452,-1.27,0.0184,-0.6859999999999999,0.0869,-0.19,-0.7190000000000001,-0.255,0.109,-0.8390000000000001,1.23,-0.428,-0.284,-1.42,0.401,-0.622,-1.03,-1.49,-0.584,0.713,-0.706,-1.82,0.556,-0.64,0.00165,-0.276,0.00517,-0.0765,-0.5579999999999999,-2.15,0.0128,-2.42,1.13
C3L-00145,2.4,4.23,1.35,-0.0926,0.9890000000000001,1.11,5.76,0.45,0.14400000000000002,0.764,0.29100000000000004,0.8079999999999999,-0.42700000000000005,-0.075,0.111,0.213,-0.632,0.545,-1.13,-0.133,0.9520000000000001,0.0571,-0.149,0.922,0.129,0.247,0.895,-0.0653,0.18,-0.162,1.12,1.4,1.08,0.344,-0.545,1.66,-0.157,-0.9590000000000001,0.0201,-0.25,-0.0997,0.366,0.405,0.0714,0.10300000000000001,0.667,-1.59,0.0882,-0.862,0.285,-0.076,-0.0254,-0.16899999999999998,-0.701,-0.7609999999999999,0.88,0.39799999999999996,-0.304,0.498,-0.004229999999999999,0.574,2.27,-0.344,0.303,0.00948,-0.205,0.521,-0.289,-0.67,-0.326,0.231,-0.203,0.34,0.569,2.2,0.284,-0.39799999999999996,0.31
C3L-00156,0.893,-1.06,-0.423,0.594,2.83,-0.16699999999999998,-0.15,0.9990000000000001,-0.807,0.474,-0.302,0.929,-0.519,-0.498,1.74,0.7020000000000001,-0.32299999999999995,0.741,-0.17300000000000001,0.00557,-2.42,-0.0262,0.18600000000000003,0.0191,-0.39,0.0717,0.42,3.31,-0.44,-0.48200000000000004,0.6409999999999999,0.8640000000000001,-2.84,-0.8009999999999999,-2.73,-2.24,-0.483,0.452,0.185,-0.214,-1.51,-0.563,-1.38,0.0115,0.675,0.27899999999999997,0.174,0.55,0.395,0.0468,1.18,0.16399999999999998,-0.10099999999999999,-1.04,0.319,1.03,-1.53,0.0336,-0.532,0.426,-1.09,-1.43,-0.8170000000000001,-0.0964,1.11,-3.18,-2.45,-0.235,0.335,0.125,0.319,0.617,-0.32799999999999996,-1.12,-0.865,0.285,-0.261,0.948
C3L-00161,0.63,1.36,-0.42,0.376,1.26,1.09,-1.31,0.152,-0.314,0.588,-0.309,0.74,2.95,-0.45799999999999996,0.55,0.93,-0.49700000000000005,1.59,-0.429,0.317,-0.764,0.252,-0.171,1.1,-0.209,0.0101,0.9520000000000001,2.45,-0.617,-0.43799999999999994,1.38,-1.13,-2.35,-0.687,-1.13,-2.93,-0.0175,0.611,-0.0881,0.115,-0.29,0.20600000000000002,-2.36,-0.657,0.14800000000000002,0.127,0.23800000000000002,0.0585,-1.11,-0.0149,0.0,-0.000735,-0.46399999999999997,-0.96,-1.25,0.45399999999999996,-1.76,0.19699999999999998,-1.4,0.177,-0.366,-1.98,-0.27,0.627,0.354,-1.03,-1.31,-0.602,0.0402,-0.138,-0.0243,0.613,-0.162,-0.341,-1.3,-0.0817,-1.54,0.62
C3L-00358,0.138,-0.773,0.6940000000000001,0.475,-0.6629999999999999,-0.16899999999999998,-0.223,-0.445,-1.01,-0.49700000000000005,-0.662,0.20199999999999999,-0.8759999999999999,-0.87,0.25,0.0241,-0.5770000000000001,-0.14,0.502,0.107,-1.46,-0.139,-0.0919,-0.251,0.17800000000000002,0.126,0.35600000000000004,0.0,-0.0668,0.597,-0.42200000000000004,-0.0973,-2.02,1.05,-1.23,-1.44,0.257,1.89,0.444,0.725,-1.01,1.42,-1.98,-1.23,0.0775,0.42200000000000004,1.0,0.258,-0.758,-0.0526,-0.321,-0.0109,0.0559,-1.72,-1.09,1.78,-1.72,0.134,-1.11,0.215,-0.888,-0.608,-0.406,-0.00312,-0.256,-1.32,-1.69,-0.24600000000000002,-0.46799999999999997,0.287,-0.6579999999999999,0.0269,0.359,-0.924,-0.6990000000000001,0.804,0.19899999999999998,-0.49
C3L-00361,0.728,-0.604,-0.0499,0.0852,1.27,0.0535,-1.43,0.053,-1.12,1.83,-0.20600000000000002,0.846,0.49700000000000005,-0.348,1.45,0.698,-0.563,1.65,-1.04,0.569,-1.36,1.16,0.303,-0.551,-0.74,1.23,-0.0229,4.34,-1.11,-0.124,1.76,-2.28,-1.97,-0.988,-0.981,-1.73,-1.45,-0.361,0.0444,0.613,-0.95,-2.38,-0.353,-0.812,-0.122,2.11,-1.55,0.311,-0.907,-0.423,0.59,-0.912,-0.583,-1.76,-1.2,1.76,-1.65,0.65,-2.15,0.231,-0.924,-1.34,-0.5379999999999999,0.294,0.6609999999999999,-1.4,-1.67,0.415,-0.526,0.35200000000000004,0.9,-0.0345,-0.17300000000000001,-1.07,-0.6409999999999999,-0.127,-2.37,0.601
C3L-00362,2.24,3.18,0.011000000000000001,0.35700000000000004,0.0111,0.591,5.3,0.43200000000000005,-0.784,-0.47100000000000003,-0.017,1.09,0.16,-0.392,-0.28600000000000003,0.46799999999999997,-0.12,1.72,-0.512,0.292,-0.72,1.32,-0.16899999999999998,-0.45,-0.19,0.0736,-0.494,0.037000000000000005,-0.68,-0.184,0.68,2.58,-1.49,-1.68,-0.998,-2.13,-0.583,-1.47,-0.20800000000000002,-0.33899999999999997,-0.682,-1.11,-1.18,-0.44299999999999995,0.6459999999999999,0.0351,-1.77,0.6609999999999999,-1.04,-0.297,-0.0441,0.33799999999999997,0.371,-0.6659999999999999,-0.843,0.535,-0.263,-0.212,-1.02,0.573,-0.6890000000000001,-0.848,-0.638,0.0872,0.0235,-0.762,-0.753,0.285,0.242,-0.19699999999999998,-0.10099999999999999,0.21899999999999997,0.262,-0.40399999999999997,-0.768,-0.233,0.6659999999999999,-0.59
C3L-00413,3.7,6.43,-0.893,1.41,-0.109,2.99,6.14,1.09,-0.457,0.0876,-0.282,1.22,-0.252,0.152,0.753,0.546,-1.5,1.69,-1.64e-05,-0.265,-2.04,0.0692,-0.653,1.07,0.0744,-0.385,0.698,-1.1,-0.823,0.0425,0.852,1.51,-3.94,-1.31,-0.9620000000000001,-2.49,0.145,-0.674,-0.392,0.27699999999999997,0.774,-1.33,-0.6559999999999999,-0.253,0.11199999999999999,-0.281,-0.434,0.785,0.26,0.0758,0.6990000000000001,0.38,-0.272,-0.53,0.262,-0.155,-0.8290000000000001,0.13699999999999998,-1.28,0.242,-0.912,-1.23,0.051,0.0594,0.909,-2.71,-1.16,-0.46799999999999997,0.25,-0.121,-0.11599999999999999,0.3,0.205,-0.519,-0.95,0.0306,1.42,0.48100000000000004
C3L-00449,-0.22,5.35,-0.5479999999999999,0.0252,0.23399999999999999,0.84,0.271,0.391,-0.574,0.22399999999999998,-0.185,1.22,0.635,0.235,0.29600000000000004,0.0339,-0.306,0.9159999999999999,-0.922,0.0415,1.26,0.00744,-0.142,-0.621,0.151,0.18600000000000003,0.45,1.48,0.151,-0.294,0.307,0.231,3.16,0.461,0.256,0.35700000000000004,0.281,0.9,-0.0714,-1.09,0.866,0.131,0.13,0.168,-0.11900000000000001,-0.5579999999999999,-1.27,0.33299999999999996,0.0477,-0.431,-0.612,0.524,0.225,-0.244,0.11599999999999999,0.0257,1.07,0.0571,1.2,0.126,0.804,-0.172,0.303,-0.37,0.248,0.772,0.32,0.153,0.0381,-0.381,-0.162,-0.156,-0.0029100000000000003,1.0,2.36,-0.406,0.8270000000000001,0.0967
C3L-00563,1.56,1.42,-0.182,-0.669,0.507,0.9059999999999999,5.72,-0.302,-0.267,-1.32,-0.986,0.7979999999999999,0.746,-0.38299999999999995,1.11,-0.239,-0.636,0.836,-1.03,0.273,-2.32,1.18,-0.45,0.633,-0.556,0.703,0.8029999999999999,1.12,-0.9259999999999999,-0.17300000000000001,2.03,0.64,0.316,-1.44,-1.06,-1.17,-0.8,1.04,-0.131,0.64,-1.01,-1.25,-2.37,-0.981,0.619,2.0,-0.6729999999999999,0.00442,-0.698,0.111,0.0913,-0.0246,-0.397,-1.87,-1.11,2.13,-1.36,0.0226,-1.71,0.131,-0.727,-1.2,-0.24600000000000002,-0.502,0.9520000000000001,-0.0353,-0.6779999999999999,0.35,-0.0407,-0.385,1.98,-0.293,0.11599999999999999,-1.41,-0.623,0.10099999999999999,-0.425,-0.7090000000000001
C3L-00586,0.39799999999999996,-0.39,0.42100000000000004,0.36200000000000004,0.163,1.17,-1.36,0.364,-0.0344,0.127,-0.5429999999999999,0.322,-0.0278,-0.469,0.251,0.556,-0.665,1.05,-1.17,0.39799999999999996,-0.732,-0.0523,-0.295,-0.34600000000000003,-0.188,0.0751,1.88,-0.33399999999999996,-0.578,0.25,1.27,2.14,-2.5,-0.613,-1.04,-1.49,-0.284,0.161,0.0767,0.155,-0.304,-1.13,0.294,-0.584,0.14,0.889,-1.21,-0.0932,-1.57,-0.46799999999999997,0.382,-0.183,-0.266,0.19399999999999998,-1.28,1.25,-1.78,0.49200000000000005,-1.96,0.39799999999999996,-0.574,-1.62,-1.02,-0.0279,0.555,-1.26,-1.27,-0.341,0.5670000000000001,0.983,0.0027300000000000002,-0.0845,-0.285,-0.632,-1.43,0.5710000000000001,-0.0918,-0.5579999999999999
C3L-00601,-0.857,0.138,0.406,0.366,0.7240000000000001,0.153,-4.05,0.489,-0.0749,-0.0896,-0.6779999999999999,0.21899999999999997,-2.06,-0.7120000000000001,1.84,0.7829999999999999,-0.0874,0.833,-1.61,0.514,-1.32,0.457,-0.0765,1.77,-0.141,-0.0598,1.1,-0.34700000000000003,-1.05,0.0388,1.6,1.59,-3.13,-1.46,-1.47,-3.25,-0.365,0.147,-0.0332,0.7929999999999999,-0.711,-0.677,-1.06,-0.836,0.138,0.449,-1.37,0.39399999999999996,-0.462,0.0119,0.6809999999999999,0.307,0.0792,-0.0049299999999999995,-0.629,0.857,-2.68,0.32899999999999996,-1.69,0.41100000000000003,-1.26,0.18600000000000003,-0.23199999999999998,0.462,0.889,-1.26,-1.72,0.0102,0.17,0.293,0.483,-0.36200000000000004,-0.6,-0.996,-1.65,0.27,-0.175,-0.146
C3L-00605,2.14,4.82,-0.039,0.10300000000000001,1.29,2.17,3.84,0.518,-0.161,-0.00145,-0.23199999999999998,1.22,0.225,-0.349,1.15,0.428,-0.669,0.8740000000000001,-0.23199999999999998,0.122,-1.03,0.0989,-0.122,0.31,-0.41,0.473,0.879,-0.0375,-0.519,-0.0717,0.552,0.33399999999999996,-0.972,-0.883,-0.8690000000000001,-1.27,0.27,0.368,-0.08,0.172,-0.763,-1.47,-0.963,-0.405,-0.0388,-0.00108,-0.7979999999999999,0.41100000000000003,-0.135,0.156,-0.114,0.0642,0.752,-1.27,0.0402,0.256,-1.21,0.348,-1.82,0.0272,-0.654,2.54,-0.271,0.125,0.37200000000000005,-2.46,-0.996,-0.354,-0.585,0.17,-0.08,0.342,-0.413,-0.49700000000000005,-0.0289,-0.109,1.46,-0.348
C3L-00767,-1.11,0.16,0.336,0.413,-0.0204,-0.941,1.32,0.361,0.10400000000000001,0.726,0.0841,0.387,0.927,-0.253,0.6890000000000001,0.252,-0.34600000000000003,-0.009009999999999999,-0.932,-0.0401,-1.8,0.376,-0.327,-0.38799999999999996,-0.349,0.00595,1.62,0.462,-0.935,-0.272,1.83,0.565,-4.28,-1.23,0.0277,-3.49,-0.35100000000000003,-0.217,-0.205,-0.015,1.01,-2.95,-0.172,-0.46799999999999997,0.102,0.79,-0.276,0.19399999999999998,-0.8109999999999999,-0.6709999999999999,-0.474,0.0154,-0.00182,-0.741,-0.624,0.6920000000000001,-1.95,0.27,-0.127,0.0933,-0.54,3.0,-0.637,-0.09,0.7090000000000001,-2.04,-0.299,-0.24,1.47,-0.000254,0.237,-0.37799999999999995,-0.304,-0.7609999999999999,1.08,0.522,0.93,-0.20800000000000002
C3L-00769,-0.29600000000000004,2.23,-0.0623,0.146,2.26,0.273,3.23,0.252,0.836,0.0176,0.7340000000000001,0.732,-0.002,0.38799999999999996,0.8170000000000001,-0.0808,-0.138,-0.368,-0.85,-0.054000000000000006,1.82,-0.0264,-0.0010199999999999999,0.242,0.0181,0.0699,0.361,0.841,0.39399999999999996,-0.0488,0.48200000000000004,0.774,0.976,0.669,-0.11699999999999999,2.6,-0.0436,-1.23,0.0373,0.665,0.579,0.114,0.884,0.251,-0.141,0.76,-1.01,-0.00144,-0.242,-0.442,-0.138,-0.209,-0.20199999999999999,-0.0502,-0.275,0.402,0.914,-0.166,0.418,-0.39399999999999996,1.09,2.58,0.10099999999999999,-0.0117,0.0303,0.43,1.09,0.344,-0.23800000000000002,-0.16899999999999998,0.147,-0.218,0.0356,1.1,1.97,-0.11800000000000001,-1.24,0.18899999999999997
C3L-00770,1.66,-0.0411,-0.315,0.209,1.23,-0.19399999999999998,1.55,1.03,-0.33,-0.0863,-0.0828,1.19,-0.0974,-0.525,1.64,0.735,-0.5429999999999999,-0.748,-0.804,0.128,-1.59,0.451,-0.491,-0.665,0.0692,0.33799999999999997,1.35,1.73,-1.14,-0.36700000000000005,0.5820000000000001,-0.355,-3.67,-1.59,-0.5,-0.9890000000000001,0.324,0.531,-0.14800000000000002,-0.743,0.513,-0.912,-0.603,-0.27,0.32899999999999996,0.945,0.122,0.9059999999999999,0.23600000000000002,-0.0991,1.78,0.48700000000000004,-0.319,-1.71,1.11,1.22,-1.7,-0.0406,-1.02,0.6779999999999999,-0.7070000000000001,-0.8,-0.0232,0.0708,0.436,-0.987,-0.7070000000000001,-0.0626,-1.01,0.15,-0.105,0.319,0.39399999999999996,-0.431,-0.0663,0.436,1.29,0.262
C3L-00771,0.8540000000000001,0.951,-0.192,-0.456,-0.8640000000000001,0.11800000000000001,3.07,0.634,1.32,1.11,-0.0547,-0.29600000000000004,-0.373,1.13,0.466,-0.0191,0.479,-0.345,0.305,0.41100000000000003,2.61,0.00183,0.654,1.46,0.605,0.41600000000000004,-0.757,-1.91,1.1,0.13,-0.126,-0.0538,2.86,0.46399999999999997,0.111,-0.755,-0.9690000000000001,0.0356,-0.138,-0.57,0.494,0.485,0.233,0.706,-0.414,-1.11,0.33899999999999997,-0.63,0.87,-0.0973,-0.098,0.536,0.301,0.599,0.7340000000000001,-0.456,1.89,-0.586,0.799,0.0651,1.46,1.41,2.01,-0.331,-0.48,1.81,2.0,0.35,0.061,-0.133,-0.0102,-0.489,-0.48,1.2,0.735,-0.231,1.78,-0.16
C3L-00780,0.358,3.27,-0.321,-0.4,0.653,0.301,-0.5429999999999999,1.34,-0.799,0.397,0.33899999999999997,1.66,0.951,-0.419,-0.813,0.0511,0.56,1.11,-0.5539999999999999,0.588,-0.361,0.389,0.0036,-0.758,0.251,0.113,0.198,1.91,-0.231,-0.37,0.0,2.87,-0.9620000000000001,-0.145,0.752,-0.611,1.42,0.46,0.0162,-1.69,0.331,-0.7659999999999999,-0.865,-0.317,0.068,0.594,0.588,0.609,-0.302,-0.205,0.114,1.05,-0.28800000000000003,0.258,-0.281,-0.0202,0.519,0.177,-0.996,-0.0562,-0.337,0.447,-0.2,-0.214,-0.11599999999999999,0.382,-0.665,0.24100000000000002,-0.379,-0.365,0.32299999999999995,0.18899999999999997,0.184,-0.0381,-0.42100000000000004,-0.0407,2.1,0.894
C3L-00781,0.364,-1.26,-0.429,0.44299999999999995,2.29,-0.569,0.914,0.27899999999999997,-0.519,-0.31,-0.41200000000000003,0.376,0.509,0.12,1.34,0.317,-0.603,-1.08,-0.545,0.41200000000000003,-1.08,-0.125,0.0325,-0.23,0.39,-0.172,0.0,0.163,-0.542,-0.0436,-0.121,-2.86,-0.727,-0.937,-0.693,-3.33,1.04,2.33,-0.128,0.0365,-1.13,0.66,-1.05,-0.17,0.0472,1.1,0.361,1.39,-0.903,-0.043,0.762,1.01,0.126,-1.29,-0.35600000000000004,1.62,-0.82,0.196,-0.077,0.385,0.0476,0.0414,-0.637,0.152,0.536,-2.13,-0.728,-0.503,0.0419,0.8170000000000001,0.0139,-0.43700000000000006,-0.00908,-0.263,-1.62,0.034,3.33,-1.02
C3L-00905,0.695,0.8370000000000001,-0.24600000000000002,0.9209999999999999,1.19,0.754,1.91,1.04,-1.12,-0.613,-0.27399999999999997,0.431,-0.831,-0.426,1.34,0.652,-0.809,0.319,-0.831,0.174,-1.47,-0.34299999999999997,0.0065,-1.24,-0.0162,-0.9209999999999999,1.78,0.126,-1.01,0.267,2.17,-0.8809999999999999,-1.33,-1.15,-1.58,-1.46,-0.7040000000000001,-0.618,-0.39799999999999996,0.192,-0.688,-1.01,1.06,-0.27399999999999997,0.605,-0.107,-0.846,-0.29600000000000004,-0.71,-0.732,0.29100000000000004,-0.584,-0.7609999999999999,-1.6,-0.623,-0.42200000000000004,-0.29100000000000004,0.166,-1.09,0.158,-1.05,-0.163,-0.904,-0.293,-0.0269,-1.09,-0.25,-0.113,0.0447,0.623,0.524,0.479,-0.048,-0.161,0.195,0.647,-0.22399999999999998,0.363
C3L-00918,1.04,0.632,-0.08,0.435,1.78,0.47600000000000003,-1.05,0.385,-0.665,0.175,0.46799999999999997,0.9309999999999999,-0.23,-0.301,1.5,0.461,-0.34,0.23,-1.12,0.02,0.354,-0.0584,-0.16399999999999998,-0.386,0.122,0.133,0.746,0.485,0.218,-0.201,0.737,0.273,-0.191,-0.021,-0.193,0.63,0.0741,-0.243,-0.22399999999999998,-1.07,-0.136,0.0403,0.139,-0.382,0.35600000000000004,-0.0803,-1.62,0.271,-0.419,0.00195,-0.135,0.076,-0.41600000000000004,-0.88,-0.758,-0.0008150000000000001,0.43,0.19,-0.502,0.0772,-0.0142,0.524,-0.805,-0.0668,0.29100000000000004,0.255,-0.502,0.0813,-0.316,0.455,0.138,0.00905,-0.0248,0.0967,0.0613,-0.10099999999999999,0.879,-0.228
C3L-00921,0.769,4.45,-0.129,0.603,1.35,0.0503,-0.0021,0.802,-0.29100000000000004,0.0331,-0.23399999999999999,1.1,-0.218,0.146,0.136,0.107,-0.22399999999999998,-0.7020000000000001,0.376,-0.278,0.429,0.0961,0.0105,0.758,-0.429,-0.446,0.621,1.2,-0.0608,-0.389,0.711,-2.23,0.943,0.121,-1.47,0.10400000000000001,-0.769,0.513,-0.17,-0.35700000000000004,-1.56,-0.47700000000000004,-0.643,-0.0078,0.322,-0.218,-1.34,-1.08,-0.58,-0.456,-0.894,0.142,-0.214,-1.32,-0.8909999999999999,0.37,-0.36700000000000005,-0.21899999999999997,-0.627,-0.6509999999999999,0.0766,1.88,-1.39,-0.154,0.21600000000000003,0.431,-0.5760000000000001,-1.27,0.644,0.39299999999999996,-0.872,-0.10400000000000001,-0.198,0.456,0.478,-0.0105,-1.09,1.31
C3L-00932,-0.35100000000000003,-0.457,0.777,-0.355,1.03,-0.0711,-1.07,-0.58,1.08,0.385,0.0325,-0.284,0.265,0.397,0.505,-0.0334,0.29600000000000004,0.00183,1.04,-0.0916,1.92,0.318,-0.0582,-1.07,-0.131,0.005,0.23800000000000002,1.02,0.474,-0.11699999999999999,0.596,-0.665,0.9490000000000001,0.797,0.542,2.49,-0.34600000000000003,-1.24,0.0359,0.384,-0.21,-0.522,0.6729999999999999,0.299,-0.0523,-0.28,-1.0,-0.405,0.14800000000000002,0.00183,-0.22399999999999998,-0.536,0.376,0.0999,0.363,-0.115,0.92,-0.32,-0.39899999999999997,-0.292,1.02,0.752,0.11900000000000001,-0.0698,0.275,0.872,1.63,0.0342,0.33399999999999996,-0.149,0.293,0.528,-0.198,1.38,-0.163,-0.275,-1.13,0.789
C3L-00942,-0.201,0.8759999999999999,0.287,0.6659999999999999,2.01,-0.49700000000000005,1.45,-0.265,-0.0264,0.11199999999999999,0.21899999999999997,-0.0017,0.872,-0.257,-0.109,-0.000145,-0.23,0.685,1.79,-0.114,0.059000000000000004,0.943,-0.153,0.28800000000000003,0.396,0.392,0.0048,5.36,-0.0017,-0.147,0.9229999999999999,1.03,0.396,-0.0237,0.278,2.14,0.309,-0.10300000000000001,-0.0652,-0.195,-0.158,0.0279,-0.327,-0.366,0.0651,0.0485,-0.0122,-0.6809999999999999,0.317,0.0669,0.00713,0.0961,0.16,-0.0278,0.578,0.385,1.06,-0.12,-0.655,-0.247,0.289,-0.292,0.401,-0.126,0.198,2.26,0.943,0.138,0.341,0.109,0.708,0.594,0.12,0.0846,-0.0365,-0.23199999999999998,0.0672,2.04
C3L-00946,0.154,1.41,-0.9620000000000001,0.384,1.03,-0.2,2.6,0.207,-1.33,0.8079999999999999,-0.452,0.441,-0.642,-0.374,0.8240000000000001,0.424,0.358,1.81,-0.266,-0.589,0.5920000000000001,0.597,-0.321,0.247,-0.596,0.34600000000000003,1.03,-0.0316,-0.221,-0.0175,1.18,2.64,-0.431,-0.68,-0.575,-0.691,0.0894,0.6579999999999999,-0.136,-0.16399999999999998,0.0108,1.19,-0.187,-0.131,0.596,-0.515,-1.63,0.637,-1.16,-0.21,0.7170000000000001,0.623,-0.514,0.17600000000000002,0.15,-0.184,-0.8140000000000001,0.19399999999999998,0.331,0.5539999999999999,-0.299,-0.867,-0.47600000000000003,-0.00755,0.924,0.5589999999999999,-0.9440000000000001,0.0892,-0.5539999999999999,-0.155,0.16399999999999998,0.071,-0.138,0.158,1.1,0.366,1.94,-0.11599999999999999
C3L-00947,3.44,3.45,0.0189,0.6629999999999999,0.76,1.38,6.14,1.52,-0.49200000000000005,0.44,-0.284,0.978,1.5,-0.242,0.10800000000000001,0.49200000000000005,-0.33399999999999996,0.501,-0.894,-0.0551,-1.06,0.33399999999999996,-0.319,0.685,-0.245,-0.10800000000000001,0.9670000000000001,-0.504,-0.6809999999999999,0.0723,1.3,1.9,-2.26,-0.47,-0.451,-1.59,0.316,1.08,-0.499,0.355,0.415,-1.27,-0.8170000000000001,-0.406,-0.0417,0.914,0.316,-0.0769,0.27399999999999997,0.0871,-0.281,-0.0378,-0.0981,-0.851,-0.406,1.44,-0.494,-0.0954,-1.53,0.157,-0.812,-0.457,-0.0153,0.0785,0.35100000000000003,-0.539,-0.466,-0.562,-0.301,-0.121,-0.0989,-0.006409999999999999,-0.159,-1.03,-0.542,0.203,0.204,0.377
C3L-00949,-0.523,1.33,-0.42700000000000005,0.07,1.48,0.0492,-1.4,0.39799999999999996,-0.0667,0.11800000000000001,-0.00148,0.0534,0.11,0.27399999999999997,0.998,0.0,-0.0717,0.233,-0.228,-0.49700000000000005,1.11,0.162,-0.0334,-0.21899999999999997,-0.408,-0.28800000000000003,1.21,0.9059999999999999,-0.0875,0.0972,1.34,0.0,1.2,0.33299999999999996,0.11199999999999999,2.25,-0.282,-0.431,0.113,0.153,0.182,-1.32,0.0557,0.10099999999999999,0.0989,0.821,-0.9009999999999999,-0.33,0.331,-0.23399999999999999,-0.0923,-0.261,-0.396,-0.0766,-0.304,0.644,0.534,-0.337,0.267,-0.24600000000000002,0.6920000000000001,2.26,0.152,-0.207,0.201,-0.0734,0.736,0.156,-0.205,-0.182,0.23800000000000002,-0.0597,-0.0069,0.863,1.1,-0.0936,-0.9940000000000001,-0.175
C3L-00961,-0.342,0.168,-0.127,-0.442,1.03,-0.0172,-0.816,0.0,0.7020000000000001,-0.0857,0.171,0.745,0.48200000000000004,0.265,0.243,-0.00229,-0.153,-0.0465,-0.46799999999999997,0.0668,1.64,-0.0749,-0.0767,-0.867,-0.126,0.40700000000000003,-0.38,-0.738,0.192,-0.168,-0.0031899999999999997,-0.7290000000000001,1.37,0.64,0.795,2.38,0.0651,-1.02,0.105,0.151,0.217,-0.591,0.8009999999999999,0.24,0.0236,0.10300000000000001,-1.02,-0.201,-0.331,-0.0438,0.0403,-0.0117,0.0985,0.46399999999999997,-0.45299999999999996,-0.172,0.9670000000000001,0.153,-0.42700000000000005,-0.0581,1.1,-0.245,-0.39,0.00808,-0.465,0.536,1.48,0.0582,-0.281,-0.0685,-0.414,-0.188,-0.258,1.19,1.12,-0.18100000000000002,0.0179,-0.285
C3L-00963,0.966,4.2,-1.11,1.27,-1.29,-0.387,-0.775,-0.39299999999999996,-1.6,0.884,0.361,-0.215,0.0335,-0.256,0.324,0.21100000000000002,0.05,-0.0169,-0.196,0.11800000000000001,0.42700000000000005,0.5920000000000001,-0.307,-0.193,-0.19899999999999998,-0.0101,-0.8,-0.608,0.22,0.425,-1.36,-0.0775,-0.18899999999999997,0.0495,0.31,1.39,0.325,0.6990000000000001,-0.0263,-0.40700000000000003,0.632,1.67,-0.41700000000000004,-0.256,-0.295,-1.04,-1.11,0.344,-0.862,-0.312,0.0603,0.408,-0.267,-0.691,-0.815,1.73,-0.932,0.293,1.05,0.0232,0.11199999999999999,0.5579999999999999,-0.41100000000000003,0.17600000000000002,-0.39299999999999996,0.0,-0.633,0.0682,-1.04,0.748,-0.49200000000000005,0.0204,0.09300000000000001,-0.12300000000000001,1.26,0.317,0.988,-0.267
C3L-01246,2.0,5.24,0.121,0.5539999999999999,-0.575,-0.151,-0.902,0.239,0.303,1.26,-0.27,-0.821,0.19399999999999998,0.0753,0.836,-0.428,-0.396,0.8320000000000001,-0.0551,-0.35100000000000003,1.32,-0.312,-0.127,-0.598,0.446,-0.136,-0.375,0.129,0.303,0.305,-0.615,1.81,1.61,0.774,0.42200000000000004,-0.289,-0.11,-1.12,-0.198,0.18899999999999997,-0.0628,2.38,1.22,-0.0876,-0.35100000000000003,0.9420000000000001,-1.99,0.47,-0.505,-0.14300000000000002,0.501,-0.532,-0.0544,0.0138,-0.534,-0.716,1.22,0.0929,1.7,0.0901,0.826,0.446,-0.079,0.21100000000000002,-0.423,0.9420000000000001,0.866,-0.34,-0.14300000000000002,1.07,-0.674,-0.0159,-0.13,0.9359999999999999,2.65,-0.272,-0.165,-0.5329999999999999
C3L-01248,0.402,3.26,-0.848,1.45,0.17800000000000002,0.0917,1.92,0.207,0.706,-0.0533,0.0813,0.162,1.32,0.5579999999999999,0.113,-0.0518,-0.67,0.275,0.21100000000000002,-0.23,2.65,-0.0030600000000000002,-0.0802,-0.91,0.107,-0.258,-0.0987,0.546,0.738,-0.111,0.0428,1.17,2.72,0.802,1.0,0.6759999999999999,0.0102,0.861,0.0542,-0.501,0.715,0.409,1.81,1.19,-0.428,0.319,0.124,0.595,0.0643,0.158,0.644,0.7859999999999999,-0.183,-0.17800000000000002,0.509,-0.0541,2.36,0.366,0.34700000000000003,-0.10800000000000001,1.61,-0.7490000000000001,0.242,-0.0558,-0.187,0.435,1.11,-0.377,-0.49200000000000005,-0.599,0.564,-0.126,-0.146,1.68,2.33,-0.10400000000000001,1.14,0.268
C3L-01249,0.66,3.26,0.423,0.000204,0.7929999999999999,-1.25,-0.142,0.715,-2.13,1.82,0.121,0.698,0.47200000000000003,-0.39299999999999996,1.24,0.615,0.426,0.0936,0.11800000000000001,0.467,-0.212,0.614,-0.276,0.9329999999999999,-0.1,-0.8109999999999999,0.441,1.02,-0.647,-0.0941,0.53,0.239,-0.129,0.0303,0.932,-0.377,-0.0206,1.98,0.321,-1.26,1.58,0.868,-1.04,0.34600000000000003,0.7659999999999999,-0.287,-0.401,-0.284,-0.276,0.385,1.43,2.29,-0.684,-0.275,1.28,1.38,1.16,2.17,-0.5820000000000001,1.08,-0.23199999999999998,0.221,-0.122,0.36200000000000004,0.501,0.595,-0.785,-0.402,-0.733,0.358,0.494,-0.752,0.685,-0.17,0.6729999999999999,0.7020000000000001,3.58,2.15
C3L-01252,0.0741,3.11,-0.5539999999999999,-0.252,0.32899999999999996,-0.281,1.91,-0.285,-0.44299999999999995,-0.0633,0.0657,-0.597,0.584,-0.22,-0.335,-0.272,-0.588,-0.0379,0.917,-0.27699999999999997,0.182,0.0344,-0.198,-0.608,-0.175,0.0526,-0.233,1.91,-0.309,0.153,0.278,1.89,0.07,1.18,0.318,-0.171,0.83,-0.121,0.10300000000000001,-0.287,-0.23399999999999999,-0.7809999999999999,-1.22,0.36700000000000005,0.0181,-0.209,1.62,0.7390000000000001,1.49,-0.0252,-0.263,0.48,-0.273,1.04,1.12,0.17600000000000002,2.99,-0.0936,0.7979999999999999,-0.10099999999999999,0.0216,-0.74,1.29,-0.0855,0.192,0.8009999999999999,1.46,-0.139,0.528,-0.7959999999999999,0.09300000000000001,0.73,0.113,-0.305,0.0351,0.0668,-0.371,1.09
C3L-01256,-0.221,-0.0166,-0.532,-0.0816,0.361,-0.222,0.0458,-0.278,0.187,1.3,0.11800000000000001,-0.348,0.0304,0.502,0.457,-0.235,0.135,-0.105,0.0429,-0.37200000000000005,1.81,-0.16899999999999998,-0.0678,0.56,0.37,-0.203,0.32299999999999995,1.1,0.6659999999999999,-0.18100000000000002,0.488,0.242,2.2,0.716,0.7490000000000001,2.04,0.46299999999999997,1.51,-0.0794,-0.17300000000000001,1.11,-0.43700000000000006,0.9079999999999999,0.406,0.0636,0.645,-0.74,0.0363,0.0066099999999999996,0.0599,-0.741,0.961,0.0176,-0.183,-0.102,1.48,0.9670000000000001,-0.35200000000000004,1.35,-0.26,1.37,3.03,0.534,0.72,-0.17600000000000002,0.872,0.987,-0.0628,-0.239,-0.0511,-0.21,-0.0626,-0.0223,1.35,3.35,-0.26899999999999996,1.78,0.0668
C3L-01257,1.02,-0.613,-0.0448,-0.36200000000000004,1.75,-0.348,-0.8240000000000001,0.0475,-0.937,-0.0209,-0.25,0.359,-0.79,-0.315,1.15,0.0572,-0.39,-0.327,0.758,-0.484,-0.924,0.0398,-0.2,0.221,-0.0908,-0.0384,1.21,3.5,0.0157,-0.16399999999999998,0.988,-0.649,-0.9309999999999999,-0.272,-1.53,-1.44,0.376,0.545,0.0734,0.313,-0.489,-1.62,-2.1,-0.531,0.486,-0.237,-0.175,0.185,-0.281,-0.23800000000000002,0.363,-0.000834,-0.185,-1.39,-0.5329999999999999,1.16,-0.679,0.25,-0.369,0.39299999999999996,-0.6890000000000001,2.53,-0.9990000000000001,0.157,0.723,0.39899999999999997,-0.997,0.5429999999999999,-0.0247,0.625,-0.57,0.0615,0.159,-1.08,-0.49700000000000005,0.134,-0.69,0.764
C3L-01275,0.39899999999999997,1.67,-1.97,0.531,-0.23399999999999999,0.42100000000000004,1.45,0.5539999999999999,0.0206,1.91,-0.21600000000000003,0.643,-0.0517,-0.121,1.14,0.47100000000000003,-0.75,-0.242,-0.444,-0.368,0.805,-0.040999999999999995,-0.105,1.18,0.147,-0.14300000000000002,0.18899999999999997,0.914,-0.0334,-0.131,0.655,0.73,1.13,-0.17300000000000001,0.239,1.49,0.496,1.54,-0.0743,-0.315,0.759,0.857,0.147,0.13699999999999998,0.00123,0.155,0.0189,0.248,0.085,-0.102,-0.516,0.153,-0.057999999999999996,-0.361,0.395,0.691,-0.584,-0.415,0.391,-0.0018399999999999998,0.358,-0.708,0.0431,0.336,0.452,0.772,0.16699999999999998,-0.45,-0.5479999999999999,0.209,-0.155,0.0231,0.251,0.588,1.08,0.19899999999999998,0.9520000000000001,0.131
C3L-01282,-0.573,-0.44299999999999995,0.158,0.153,-0.00187,-0.0132,2.34,0.079,-0.455,2.06,-0.44,-0.625,0.34299999999999997,0.11699999999999999,0.0914,0.11,-0.8909999999999999,1.2,0.585,-0.165,0.44,0.7829999999999999,-0.198,0.10800000000000001,-0.732,0.0716,0.657,0.0863,-0.009859999999999999,-0.10400000000000001,0.402,-0.044000000000000004,-0.0038799999999999998,0.332,-0.155,1.59,-0.201,-0.087,-0.36200000000000004,0.273,-0.72,-0.304,0.142,-0.321,0.8909999999999999,0.0199,-0.45299999999999996,-0.682,-0.609,-0.28600000000000003,-0.674,-0.456,-0.139,0.74,-0.986,-0.5579999999999999,-0.904,-0.252,0.23800000000000002,-0.20800000000000002,0.405,-1.28,-0.595,0.19399999999999998,0.501,0.423,0.155,0.718,-0.0245,-0.287,0.925,0.207,0.0169,0.451,-0.275,0.0815,-1.57,0.0156
C3L-01304,3.68,1.01,-0.48700000000000004,1.28,2.0,1.34,7.9,0.878,-1.71,-0.36700000000000005,-0.44299999999999995,0.703,-0.527,-0.262,0.257,0.428,-0.217,-0.319,-0.20199999999999999,0.207,-0.892,0.442,-0.00821,2.31,-0.784,0.327,2.24,1.34,-0.8959999999999999,0.0155,1.83,0.555,-1.56,-1.05,-0.847,-0.605,0.145,-0.0328,0.19399999999999998,0.439,-1.2,-0.000589,-0.5,-0.37799999999999995,0.555,1.23,-0.34,0.358,-0.752,-0.191,-0.914,-0.0626,-0.695,-0.91,-0.9840000000000001,1.59,-1.51,0.00643,-1.48,-0.237,-0.772,3.7,-0.501,-0.506,1.32,-0.381,0.757,-0.0958,0.0207,-0.19,0.0918,1.19,0.0797,-1.03,-0.33,0.243,-0.43799999999999994,0.625
C3L-01307,1.19,-1.31,0.19,0.624,1.25,-0.102,2.44,0.6729999999999999,-0.743,-0.617,-0.337,0.588,-0.134,0.0608,1.92,0.204,-0.8859999999999999,-0.716,-0.424,0.36,0.0301,0.24100000000000002,0.271,1.15,-0.41600000000000004,-0.18600000000000003,1.28,2.03,0.0732,0.28800000000000003,1.46,0.0827,-0.6559999999999999,-0.295,-0.614,0.667,0.188,2.86,-0.685,0.43700000000000006,-0.33299999999999996,-0.6629999999999999,0.0375,-0.332,0.509,0.299,1.16,-0.24600000000000002,-0.8270000000000001,-0.324,-0.628,0.593,-0.47600000000000003,0.00936,-1.05,2.35,-0.925,0.15,-1.48,0.22,0.11599999999999999,0.0876,-0.773,-0.0259,0.18100000000000002,0.147,0.932,0.315,-0.22699999999999998,1.18,1.03,-0.0579,-0.19899999999999998,0.0,0.0353,0.878,-1.2,0.294
C3L-01311,2.0,1.72,-0.485,0.365,-1.11,0.506,3.89,0.326,-0.8190000000000001,-0.8420000000000001,-0.23600000000000002,0.268,0.848,-0.635,0.0892,0.185,-0.0255,0.584,-0.162,0.684,-0.922,0.321,0.184,0.603,0.0487,0.9420000000000001,1.39,0.764,-0.14,-0.031,0.76,0.39399999999999996,-1.75,-0.584,-0.389,-0.5379999999999999,0.389,-0.196,-0.141,0.111,0.22,-1.12,-0.528,-0.983,0.363,0.703,-1.21,-0.152,-0.247,0.136,0.0999,-0.048,-0.0778,0.48200000000000004,-0.731,1.07,-1.36,0.578,-1.23,-0.0784,-0.295,0.29,-0.365,-0.321,0.37,-0.963,-0.882,-0.402,0.0969,0.154,0.461,0.225,0.0557,-0.7809999999999999,-0.679,0.344,0.29600000000000004,-0.166
C3L-01312,0.387,1.43,-0.855,0.5,1.66,-0.00037799999999999997,1.03,-0.114,-0.585,-0.0348,0.457,1.16,0.22699999999999998,-0.327,-0.42200000000000004,0.11800000000000001,-0.627,0.5670000000000001,-0.406,0.5720000000000001,-0.505,0.0219,-0.193,-0.968,-0.16699999999999998,0.122,1.13,0.754,-0.345,-0.3,0.557,0.522,0.111,-0.24600000000000002,0.618,-1.18,-0.217,0.426,0.106,-0.5820000000000001,-0.46799999999999997,-0.715,-0.502,-0.518,0.488,0.363,-1.54,0.442,-0.6890000000000001,-0.72,1.48,-0.34700000000000003,0.327,0.4,-0.276,1.35,1.18,0.18,-0.7879999999999999,0.441,-0.361,-0.126,-0.682,-0.284,0.397,-0.131,-0.111,0.245,0.8109999999999999,-0.113,0.16399999999999998,0.146,-0.0526,-0.42700000000000005,-0.616,0.135,0.10400000000000001,1.1
C3L-01744,1.09,-0.511,-0.35200000000000004,0.787,0.883,0.276,1.21,-0.419,-1.02,-0.871,-0.982,0.419,-0.365,-0.772,0.7809999999999999,0.555,0.087,1.08,0.546,0.507,-1.28,0.179,0.121,-0.647,-0.0678,0.473,1.94,3.18,-0.7090000000000001,0.146,-0.0724,-0.895,-2.22,0.991,-1.2,-0.619,-0.305,0.434,0.0104,0.317,-1.2,-1.04,-1.13,-0.885,0.294,-0.442,-0.29600000000000004,-0.522,0.221,-0.10400000000000001,-0.245,-0.247,0.212,-0.809,-0.595,0.43200000000000005,-1.94,0.319,-1.0,0.126,-0.691,-0.184,-0.16,0.18100000000000002,0.322,-0.934,-1.28,-0.42,0.0,0.0485,0.943,0.515,0.0552,-0.8390000000000001,-0.816,0.312,-0.45299999999999996,-0.425
C3L-01925,-0.39899999999999997,2.2,0.158,0.19899999999999998,-2.23,-0.792,-0.67,-0.369,0.71,3.88,-0.106,0.6679999999999999,0.122,0.0768,1.72,-0.414,0.536,-0.6890000000000001,-0.10099999999999999,0.0166,0.222,0.0321,0.127,2.98,-0.0219,0.0106,0.203,-0.732,-0.48200000000000004,-0.0233,-0.871,-1.54,0.72,-0.0266,-0.5760000000000001,-1.09,-1.02,-0.7809999999999999,-0.0474,0.33299999999999996,0.47700000000000004,4.52,0.251,-0.19399999999999998,-0.33399999999999996,-0.782,-1.0,0.7609999999999999,0.203,0.42200000000000004,-0.925,-0.8859999999999999,1.24,-0.741,-0.309,-0.377,0.441,-0.267,2.81,-0.0413,0.0687,-1.47,0.135,0.5710000000000001,-0.615,-1.75,-0.18,-1.06,-2.37,0.331,1.05,-0.862,-1.23,0.5539999999999999,1.86,0.509,0.8740000000000001,-0.502
C3N-00151,-2.0,-0.000901,-0.795,0.266,1.7,0.187,-0.644,1.01,-1.29,1.15,-0.659,0.342,-0.386,-0.135,2.57,0.341,-0.868,0.131,-0.409,0.25,-1.13,-0.139,0.043,-0.0605,-0.18100000000000002,0.45,0.447,1.75,-0.857,0.7759999999999999,1.03,-1.55,-0.0043,-0.47,-0.922,-2.18,0.35600000000000004,2.48,0.0558,-0.0973,0.935,0.278,0.09699999999999999,-0.0423,0.23199999999999998,-0.141,-0.691,0.73,-0.65,-0.611,0.272,0.601,-0.203,-0.8190000000000001,-0.111,0.45399999999999996,-2.11,0.0853,-0.000901,0.187,-0.778,-0.107,-1.38,0.47700000000000004,0.71,-1.59,-1.42,0.382,-0.711,1.14,0.127,-0.004520000000000001,0.457,-0.442,-0.591,0.218,1.24,0.162
C3N-00200,-0.19399999999999998,-0.619,-1.85,0.0785,0.875,-0.00625,2.29,0.18100000000000002,0.00921,-0.506,0.364,-0.299,1.16,0.0439,-0.298,0.435,-0.322,-0.8290000000000001,-0.395,0.507,0.207,0.337,0.0129,-0.361,0.382,0.000124,0.00614,-0.301,-0.435,-0.19699999999999998,0.6459999999999999,-0.222,-0.47100000000000003,-0.0166,1.34,2.48,-1.08,-1.05,0.324,0.18899999999999997,-0.0366,-0.862,-0.33799999999999997,0.265,0.45799999999999996,0.7070000000000001,-0.396,-0.897,2.19,0.146,-0.753,-0.179,-0.0503,0.48700000000000004,-0.17800000000000002,0.29100000000000004,-0.491,-0.0775,1.63,-0.302,0.32899999999999996,1.45,0.381,0.272,0.0411,-0.335,0.767,0.0312,-0.168,-0.311,0.391,0.387,0.0040100000000000005,0.13,0.721,0.27399999999999997,-0.318,0.511
C3N-00321,-1.0,2.15,0.525,-0.29600000000000004,-0.33299999999999996,0.23600000000000002,2.19,-0.774,-0.15,0.316,0.359,-2.84,-0.851,-0.447,-0.888,-1.94,-0.000242,2.07,-0.151,0.574,-0.42100000000000004,-1.14,0.308,-0.28300000000000003,0.265,0.552,-1.35,-2.26,-0.157,0.0831,-2.19,1.53,0.265,0.11199999999999999,-0.903,-0.47200000000000003,-0.46299999999999997,0.9940000000000001,-0.142,0.405,-1.36,2.34,-0.21899999999999997,-0.0757,-0.861,-0.972,-1.15,-0.574,-0.831,0.18100000000000002,0.154,-0.619,-0.27899999999999997,0.522,0.0309,-1.55,0.342,0.765,-0.135,0.345,-0.9670000000000001,-0.875,-1.07,0.281,-1.74,-0.171,-0.95,0.16,1.84,0.244,-0.34,0.0412,0.265,-0.0516,-0.174,0.188,-0.0824,-1.46
C3N-00322,-1.38,-0.917,0.7120000000000001,-0.316,2.37,0.431,2.73,-0.9129999999999999,0.462,-0.345,-0.409,-1.69,0.311,-0.204,-0.67,-0.435,0.00503,0.8809999999999999,-0.0059299999999999995,-0.69,0.78,-0.725,-0.0862,0.335,-0.493,0.0918,-0.836,4.14,0.184,-0.135,-0.8270000000000001,0.5489999999999999,1.6,-0.163,-0.489,1.14,-0.442,0.529,-0.391,0.107,-0.748,-0.258,0.486,0.0975,-0.287,-1.14,-0.575,-1.36,-0.259,0.218,-0.391,-0.376,-0.23800000000000002,-0.275,-0.0296,-0.424,-0.445,-0.157,-1.22,0.14300000000000002,0.55,-0.779,-0.213,-0.018000000000000002,-1.61,1.72,0.425,0.667,0.6829999999999999,-0.41100000000000003,0.20600000000000002,0.0439,0.51,0.625,0.836,0.128,-1.66,-0.531
C3N-00323,-0.858,-0.161,0.735,0.0866,1.14,-0.0653,-1.03,0.158,-0.28600000000000003,1.59,-0.40399999999999997,-0.0797,-0.23199999999999998,-0.243,-0.38,-1.22,0.941,1.16,-1.16,-0.637,-0.00202,-0.254,0.0205,1.4,-0.062,0.46799999999999997,-0.555,0.276,0.19,0.0745,0.162,0.665,1.41,-0.268,-1.07,0.37200000000000005,-0.42,2.04,-0.0876,-0.0246,-0.845,0.341,-0.556,-0.263,0.322,-1.05,0.46399999999999997,-0.379,-0.499,-0.23199999999999998,-0.608,-0.0685,-0.413,-1.27,-0.642,0.511,-0.19,0.0783,0.266,-0.142,-0.147,4.57,-0.836,-0.136,-0.547,0.156,-0.154,0.43,1.21,0.0579,-0.0122,0.109,0.43700000000000006,-0.251,1.66,0.377,-0.958,-0.425
C3N-00324,-0.251,0.314,-0.396,-0.18600000000000003,2.48,2.01,0.22899999999999998,-0.7490000000000001,-0.153,-0.23399999999999999,-0.222,-0.282,-1.09,-0.523,-0.14400000000000002,-0.826,-1.04,0.912,-1.23,-0.526,-0.767,-0.716,-0.125,-0.267,-0.0908,0.569,-1.06,2.72,0.177,0.000976,-0.843,-0.38299999999999995,-0.304,-1.2,-0.825,0.000736,0.273,0.9279999999999999,0.0443,0.000736,-0.649,-0.249,-0.204,-0.215,-0.207,-1.07,-0.513,0.19,-0.907,0.6409999999999999,-0.526,0.265,0.0509,-1.39,0.0267,-1.15,-0.805,0.13,-1.41,0.8440000000000001,-0.733,1.09,-0.862,-0.12300000000000001,-0.9670000000000001,0.307,-0.529,-0.131,0.821,0.0184,0.217,0.215,0.28300000000000003,-0.34,-0.6679999999999999,0.122,0.507,-0.7290000000000001
C3N-00326,0.43700000000000006,-0.866,-0.773,-0.434,2.3,-0.36700000000000005,-1.11,-0.12,-0.22899999999999998,-0.28,0.41200000000000003,-0.163,-0.583,-0.39399999999999996,0.21100000000000002,-0.612,-0.337,1.01,-1.42,0.863,-1.01,-0.359,0.0197,-0.8859999999999999,-0.0409,0.379,-0.174,3.13,-0.245,-0.185,-0.25,-1.27,-2.42,-1.35,-0.0536,-0.7440000000000001,-1.2,-0.242,0.264,0.285,-1.15,-1.03,-0.235,-0.076,0.494,-0.385,-0.405,0.21899999999999997,-0.312,-0.0977,1.26,-0.000503,-0.0674,-1.5,-0.28800000000000003,-0.233,-2.21,0.586,-1.17,1.06,-0.515,-1.64,-0.731,-0.0985,-1.1,-0.0244,-0.273,0.0303,0.27399999999999997,0.531,-0.18,-0.053,-0.111,-0.6609999999999999,-0.85,-0.175,-0.565,-0.342
C3N-00328,-0.71,-0.27899999999999997,-0.42,-0.10800000000000001,-0.905,0.7979999999999999,0.823,-0.392,0.324,0.78,-0.41700000000000004,-1.6,-1.09,-0.6940000000000001,-0.33299999999999996,-0.035,-0.21100000000000002,0.0328,-0.848,0.0661,-1.23,-0.6579999999999999,0.607,0.214,-0.098,-0.8370000000000001,-0.958,-0.888,0.349,0.547,-0.9590000000000001,2.03,-2.69,0.0846,-0.00372,-2.53,0.11599999999999999,4.49,-0.0737,-0.239,-0.521,0.141,0.094,-0.272,-0.655,0.0735,1.54,0.204,-0.65,0.0338,-0.586,-0.0594,0.568,-0.47100000000000003,-0.439,1.2,-2.34,0.316,-1.72,0.787,-0.693,0.0008789999999999999,-0.8,0.419,-1.15,-1.82,-1.74,-0.0449,-0.0489,0.281,-0.698,0.307,0.467,-0.9209999999999999,-0.379,0.812,-0.7509999999999999,-2.24
C3N-00333,-0.475,4.71,-0.244,0.133,1.11,1.55,5.31,0.025,-0.494,0.467,-0.19699999999999998,-1.03,-0.111,-0.0169,-1.14,-0.5,0.0698,1.86,-0.764,0.366,0.6759999999999999,-0.45299999999999996,-0.33,0.11699999999999999,0.299,0.562,-1.15,-0.789,-0.151,-0.41200000000000003,-0.253,3.67,2.32,0.163,-0.317,0.8270000000000001,0.0713,1.26,-0.221,-0.784,-0.00848,1.87,0.0289,-0.134,-0.34600000000000003,-0.618,0.575,0.16699999999999998,0.242,0.153,-0.423,-0.0209,0.42200000000000004,1.04,0.727,0.0207,0.525,0.311,-0.48,0.643,0.27399999999999997,-0.9009999999999999,0.0829,-0.35700000000000004,-0.183,0.925,0.0491,0.43,0.248,-0.221,0.23,0.44799999999999995,0.442,0.48,0.0796,0.415,1.15,-0.27
C3N-00334,0.215,-0.526,0.6459999999999999,0.20199999999999999,3.72,0.005679999999999999,-0.973,-0.0154,0.33799999999999997,0.508,-1.11,-3.41,0.307,-0.429,-2.36,-1.32,0.691,1.4,0.213,-0.0427,-0.682,-0.235,0.287,0.594,0.18100000000000002,0.983,-0.34,5.31,-0.344,-0.182,-1.94,0.9159999999999999,-0.737,-0.345,-1.61,1.51,0.358,1.78,0.518,-0.289,-0.77,-0.46799999999999997,-0.6679999999999999,0.18,-0.914,-1.08,0.55,-0.992,0.40700000000000003,0.6779999999999999,-2.41,0.731,-0.102,-0.529,0.341,-2.3,-0.5479999999999999,-0.12300000000000001,-0.725,0.327,-0.7809999999999999,-1.75,-0.418,0.23,-1.58,0.40700000000000003,-0.92,0.20800000000000002,1.6,-0.436,-0.105,0.21600000000000003,0.892,-0.128,-0.8440000000000001,-0.027000000000000003,-0.8,-0.586
C3N-00335,-0.613,-0.0813,0.413,-0.162,-0.594,1.46,-1.1,-1.25,0.8059999999999999,-0.0417,-0.0111,-1.76,-0.792,-0.619,-1.69,-0.171,0.13699999999999998,1.46,-1.73,-0.19399999999999998,0.18600000000000003,-1.04,-0.13699999999999998,-0.83,0.091,0.451,-1.35,-1.0,0.6459999999999999,0.244,-2.39,0.87,-0.7759999999999999,-0.517,0.007370000000000001,-1.05,0.951,3.15,0.23600000000000002,0.386,-0.00349,0.631,0.888,0.425,-0.877,-0.602,0.146,1.11,0.504,0.662,0.193,0.109,-0.747,-1.2,0.483,-0.8270000000000001,-1.13,0.7020000000000001,-0.36700000000000005,1.01,0.0168,-1.22,-0.41100000000000003,0.036000000000000004,0.0116,0.21899999999999997,-1.34,-0.857,0.762,0.0415,-0.191,0.11199999999999999,0.496,0.26899999999999996,-0.551,0.04,0.474,-1.99
C3N-00337,0.583,-1.35,-0.298,0.593,-0.8270000000000001,0.434,2.54,1.64,-0.919,3.1,-0.332,1.54,-0.254,0.19,0.41100000000000003,-0.24,-0.816,0.221,2.32,-0.0667,-0.33399999999999996,0.529,0.271,2.4,-0.25,0.0853,-0.248,0.499,-0.263,-0.244,0.955,0.0923,-0.41700000000000004,-0.245,-0.735,-0.0692,-0.37,0.0735,-0.182,0.337,0.907,1.46,0.252,-0.317,1.14,-1.2,0.027000000000000003,-0.365,-0.28,-0.475,-0.685,-0.273,-0.21,-1.22,-0.19,-0.185,-1.27,-0.155,1.57,-0.22899999999999998,-0.36,-1.1,0.00524,-0.0643,0.355,0.218,-0.401,-0.105,0.486,0.28800000000000003,0.426,-0.045,0.0556,0.325,2.28,0.147,-1.89,0.909
C3N-00339,-0.511,-1.41,-0.136,0.063,2.31,0.0392,-1.36,-0.0704,0.361,0.0257,-0.361,-0.59,-0.488,-0.26,-0.7709999999999999,-1.98,-0.772,0.379,-1.17,-0.449,-0.688,-0.764,0.441,0.185,0.41100000000000003,-0.7340000000000001,0.0647,1.19,0.0108,0.46399999999999997,-0.298,-0.644,-2.34,-0.835,-0.748,-1.76,-0.358,1.11,-0.22,-0.524,-0.9590000000000001,-0.439,0.85,-0.483,0.332,-1.67,-0.517,-0.287,-0.616,-0.433,1.12,0.303,-0.24100000000000002,-1.13,-0.218,-1.45,-0.847,0.6579999999999999,-1.4,0.742,-0.789,-0.775,-0.579,1.01,-0.64,-0.27399999999999997,-0.851,-0.467,0.49700000000000005,0.368,-0.0191,0.24600000000000002,-0.099,-0.374,-1.22,0.38799999999999996,2.11,-1.42
C3N-00340,-0.0761,-0.1,-1.01,-0.455,-0.927,-0.21100000000000002,2.31,-0.462,-1.11,-0.046,0.204,-0.207,-0.0993,-0.198,-0.368,-0.55,1.01,0.638,0.24600000000000002,0.0266,0.0908,-0.0486,-0.306,-0.35200000000000004,0.26899999999999996,-0.0826,-0.873,-2.63,-0.314,0.174,-1.53,1.93,0.905,0.0955,-0.8140000000000001,-0.655,1.02,3.83,-0.0755,-1.25,0.5710000000000001,2.48,-0.462,-0.494,0.0147,0.978,-0.708,0.604,-1.5,0.353,-0.154,1.4,0.34600000000000003,-0.904,-0.741,-0.371,0.19,-0.0109,0.05,0.39899999999999997,-0.603,-0.47600000000000003,-1.0,-0.162,-1.08,-0.315,-0.547,-0.168,0.715,0.687,-0.285,-0.0631,1.19,0.281,0.0126,1.58,1.62,-0.988
C3N-00377,-0.747,-0.231,0.5820000000000001,2.03,1.35,-1.21,-1.09,0.174,-0.763,0.149,-1.1,0.688,0.223,-0.161,0.34700000000000003,0.135,-0.684,1.68,0.14,0.525,-1.54,0.607,-0.534,0.24100000000000002,0.888,-0.5329999999999999,0.21899999999999997,0.426,-1.32,-0.353,-0.805,-0.491,-2.59,-1.44,-1.66,-1.23,0.6409999999999999,-0.317,-0.7140000000000001,-1.05,-0.22,1.15,-0.75,0.595,-0.0946,1.49,0.42,1.06,0.179,0.6,-0.312,0.973,-0.11599999999999999,-1.12,1.73,-1.38,0.195,0.58,-1.6,-0.27399999999999997,-1.02,0.21600000000000003,-0.214,0.653,0.978,-0.475,-1.61,0.515,1.26,0.0178,0.261,0.313,1.42,-0.67,-1.21,-0.0982,1.0,-1.48
C3N-00379,-0.0157,2.77,0.152,-0.156,0.765,0.585,2.99,-0.193,0.289,0.0196,0.11900000000000001,-0.235,0.48200000000000004,-0.10300000000000001,-0.442,-0.785,-0.39,0.294,-0.938,-0.162,0.732,-0.9890000000000001,0.0248,-0.414,0.154,-0.46299999999999997,-0.106,-0.3,0.23399999999999999,-0.061,0.381,1.47,0.732,-0.0031,-0.629,1.64,-0.20800000000000002,0.7170000000000001,0.0495,-0.13,0.0561,-0.33,0.628,0.24100000000000002,0.0928,-0.163,-0.7240000000000001,0.0,-0.267,0.348,-0.21600000000000003,0.604,-0.0725,-0.157,0.205,-0.545,-0.131,-0.45899999999999996,0.28800000000000003,0.126,0.429,-0.316,-0.0606,0.44299999999999995,-0.5429999999999999,-0.408,0.748,0.0527,0.0167,-0.0839,-0.276,0.0584,0.0,0.956,0.579,0.0,2.02,-0.539
C3N-00383,0.00457,3.3,-0.7140000000000001,-0.158,1.68,0.501,-1.48,-0.425,-0.9109999999999999,-0.449,-0.68,-0.0609,-0.248,-0.519,0.139,-0.657,0.32,1.77,-2.48,0.7490000000000001,-0.0641,-0.33799999999999997,-0.0548,-0.37200000000000005,-0.529,1.92,0.133,1.59,-0.44,0.289,-0.506,0.506,0.289,-0.599,-0.654,0.624,-0.5429999999999999,0.179,0.449,-0.0568,-0.18899999999999997,-1.05,-0.0519,-0.18,0.00457,-1.5,-0.11800000000000001,-0.113,-0.307,0.226,-0.24,0.12300000000000001,-0.58,-0.26899999999999996,-0.0519,-0.8370000000000001,-0.429,0.884,-0.875,0.0293,-0.0803,1.76,0.091,-0.325,-0.354,-0.317,-0.889,0.563,1.4,0.192,0.43200000000000005,0.612,0.155,0.313,0.381,-0.401,1.21,-0.057999999999999996
C3N-00386,1.89,2.9,-2.0,-0.327,1.21,1.99,5.81,-1.11,0.21100000000000002,-1.03,0.0685,-0.466,1.92,-0.505,-0.856,-0.84,-0.151,0.396,-1.69,-0.153,-0.953,-0.883,0.109,0.165,-0.0824,-0.405,-0.0301,-1.2,-0.8079999999999999,-0.415,0.544,2.26,-0.327,-1.01,-0.34600000000000003,-0.3,-0.715,-0.705,0.302,0.474,-0.895,0.282,0.488,0.0974,0.0489,-0.19899999999999998,-0.84,-0.0767,-0.638,0.135,-0.384,0.223,-0.265,1.64,-0.804,-0.377,0.45299999999999996,-0.45799999999999996,-1.44,0.71,-0.0347,0.95,-0.11599999999999999,-0.23800000000000002,-0.17,-0.67,0.20199999999999999,0.0857,0.28300000000000003,0.183,0.107,0.39,0.11699999999999999,0.364,-0.185,0.00607,-0.514,-0.541
C3N-00388,1.14,-0.35100000000000003,-0.23,1.06,2.67,0.583,-0.25,-0.0684,-0.623,0.703,0.163,0.0535,-0.32799999999999996,-0.14300000000000002,0.345,-0.509,0.91,1.22,0.736,0.233,-1.39,-0.457,0.42200000000000004,2.45,-0.265,-0.0262,-0.857,1.37,-0.705,-0.00355,0.667,1.03,-2.66,-0.691,-2.32,-0.8690000000000001,-0.0725,-0.226,0.29,0.163,-1.46,0.644,-0.262,-0.456,-0.314,0.135,-0.812,0.259,-0.159,0.68,0.0993,-0.11699999999999999,-0.0705,-1.87,-0.24600000000000002,-0.527,-1.63,0.35600000000000004,-0.677,0.685,-0.67,-1.74,-0.68,1.03,-0.324,-2.38,-1.82,-0.212,1.1,0.115,-0.193,0.36,-0.158,-0.8140000000000001,-1.54,-0.0126,-0.213,-0.893
C3N-00389,-0.62,1.07,0.272,0.0151,2.38,-0.5760000000000001,0.121,0.45799999999999996,-1.04,-0.23800000000000002,-0.129,1.04,-0.5489999999999999,-0.257,0.48700000000000004,1.19,0.00713,1.34,-0.47200000000000003,0.0532,-0.41600000000000004,-0.0727,0.18100000000000002,1.1,0.366,-0.10400000000000001,0.0884,2.31,-0.0613,-0.159,0.843,-1.07,-0.5539999999999999,0.12300000000000001,-0.1,0.115,-0.364,2.23,0.198,-0.509,-0.7509999999999999,0.753,-0.271,-0.7979999999999999,-0.0174,1.18,0.341,0.467,-0.40299999999999997,0.18,1.25,-0.396,0.226,-0.932,-0.49700000000000005,1.68,-1.26,0.0376,-0.235,0.584,-0.207,-0.7979999999999999,-0.37799999999999995,-0.265,0.284,-0.00105,-0.701,1.01,0.213,0.0542,-0.20600000000000002,0.231,0.606,-0.469,-0.114,-0.235,-0.614,0.285
C3N-00729,0.0019399999999999999,-0.705,-0.0827,-0.0707,0.754,-1.04,-1.34,0.21899999999999997,-1.45,2.26,-0.309,-0.162,0.228,-0.447,1.99,0.5529999999999999,-0.0454,1.03,-0.741,0.405,-0.0993,0.524,0.0295,-0.256,-0.0607,0.503,0.718,-0.7290000000000001,-0.106,-0.0247,0.376,1.75,0.528,-0.209,0.47600000000000003,0.159,0.654,1.95,0.177,-1.08,0.63,2.04,-0.9259999999999999,0.102,-0.11900000000000001,0.139,-0.365,0.8079999999999999,-0.40299999999999997,-0.0107,0.6459999999999999,0.537,-0.501,-1.03,-0.763,0.7140000000000001,-0.263,0.485,1.31,0.39,-0.655,-1.15,-0.0343,0.43,-0.502,-0.8370000000000001,-0.818,-0.379,-0.17300000000000001,0.9159999999999999,0.387,0.616,0.18600000000000003,-0.602,-1.51,0.266,1.31,-0.226
C3N-00734,0.051,0.35200000000000004,-0.754,0.0027600000000000003,1.58,-0.619,0.794,0.6509999999999999,-0.838,0.0793,-0.156,0.0184,-0.287,-0.77,-1.39e-05,-0.0495,-1.06,0.8059999999999999,-0.8,0.0301,-0.578,-0.152,-0.10300000000000001,-0.821,-0.17300000000000001,0.44,-0.102,2.27,-0.17800000000000002,-0.266,-0.35,-0.48100000000000004,-2.8,-0.47600000000000003,-0.33899999999999997,-1.07,1.29,0.862,0.0589,-0.33299999999999996,-1.39e-05,-1.05,-1.55,-0.359,0.0607,0.264,-0.299,1.16,-0.172,0.273,0.49200000000000005,1.07,0.0447,-1.09,0.509,-0.00883,-1.39e-05,0.461,-0.863,0.575,-0.81,-1.23,-0.612,-0.43200000000000005,0.368,-0.191,-0.63,-0.392,-0.368,-0.0396,0.125,0.46299999999999997,-0.28300000000000003,-0.507,-0.647,-0.131,2.07,-0.14
C3N-00743,2.37,0.877,0.165,-0.27,-1.2,0.289,6.9,0.198,0.29600000000000004,1.79,0.166,-0.632,0.0725,0.284,0.635,0.17,-0.13,0.561,-0.765,0.573,1.06,-0.203,-0.11,1.5,-0.252,0.10300000000000001,0.297,0.0838,0.185,-0.5660000000000001,0.888,0.163,1.66,-0.00511,-0.0183,0.794,-1.09,-0.14800000000000002,-0.413,0.547,0.66,0.18100000000000002,0.564,-0.505,0.294,0.963,0.675,0.0171,-0.591,0.27899999999999997,0.121,-0.696,-0.213,0.6970000000000001,-0.6509999999999999,0.523,-0.11599999999999999,0.54,1.06,0.153,0.536,-0.7879999999999999,-0.5529999999999999,0.263,0.46299999999999997,-0.5579999999999999,-0.00419,-0.0895,-0.289,0.852,0.385,-0.188,-0.0467,0.608,2.98,0.48,-3.36,-0.787
C3N-00836,-1.11,-0.534,-0.5539999999999999,0.12,-1.99,-0.588,-1.56,-0.34299999999999997,-0.436,0.7340000000000001,-0.5379999999999999,-1.58,0.526,-0.303,-0.8170000000000001,-1.24,0.43,0.5579999999999999,-0.01,-0.0024,0.662,-0.706,0.293,0.00962,0.106,-0.304,-1.21,-1.17,0.877,0.13,-1.65,0.8,1.7,0.8420000000000001,0.19,-1.74,0.78,3.26,0.304,-1.14,0.284,-0.591,-0.953,-0.24100000000000002,-0.382,0.5710000000000001,1.24,0.555,-0.272,-0.267,0.53,0.6609999999999999,-0.121,0.00309,-0.396,0.716,0.818,0.207,-0.504,0.069,-0.0024,-0.883,0.52,0.56,-0.616,0.45899999999999996,-0.6409999999999999,-0.0658,-0.499,1.22,0.0312,0.77,0.151,-0.132,-0.449,0.23199999999999998,1.75,-0.955
C3N-00847,-3.42,1.96,-0.289,0.665,3.0,0.63,1.34,0.384,-0.445,2.09,-0.32299999999999995,-1.74,-0.823,-0.22399999999999998,-0.26899999999999996,-1.28,0.0389,1.6,-1.09,0.938,-1.48,0.0474,0.23600000000000002,2.63,-0.511,0.968,-1.03,-0.0822,-0.6729999999999999,0.154,0.496,1.21,-0.802,-1.01,-0.823,-1.55,-1.19,0.278,0.542,-0.327,-1.38,0.294,-0.353,-0.204,0.522,-0.598,-1.61,-0.39899999999999997,-0.946,0.28300000000000003,0.633,-0.121,0.537,0.885,-1.44,-1.25,-2.44,0.655,-0.319,0.0276,-0.667,5.23,-1.22,0.00161,-0.27899999999999997,-2.52,-0.5870000000000001,0.0224,0.307,0.731,-0.0687,0.153,-0.00465,-0.929,0.961,0.43700000000000006,-1.31,-0.11599999999999999
C3N-00848,-0.183,2.66,-0.293,-0.0221,2.02,0.34700000000000003,-0.33899999999999997,0.409,-0.21100000000000002,0.9640000000000001,-0.755,0.975,-0.281,-0.433,-0.402,-0.20800000000000002,-1.2,1.1,0.784,-0.38299999999999995,-1.06,0.141,0.126,0.59,-0.13,0.0808,-0.6609999999999999,4.23,-0.66,-0.76,-0.785,0.48,-0.27699999999999997,-0.441,-1.87,-0.18,-0.348,2.51,-0.0942,-0.606,-1.8,-0.287,-0.31,-0.439,0.41100000000000003,-0.762,0.28800000000000003,0.39399999999999996,0.17300000000000001,-0.0607,0.462,1.44,0.495,-1.21,0.513,-0.7040000000000001,-1.4,-0.0725,-0.122,0.485,-0.5670000000000001,-0.943,-0.95,0.0176,-0.532,-0.961,-1.9,-0.311,1.18,0.0358,-0.166,0.711,0.44,-0.275,-1.13,0.254,0.212,0.0
C3N-00850,0.975,-0.36,0.375,-0.163,2.52,-0.462,1.6,0.0832,0.46299999999999997,1.02,-0.182,-0.7170000000000001,-0.619,-0.517,0.289,-0.11599999999999999,-0.461,1.38,-1.44,0.0172,-0.28800000000000003,0.354,0.0517,-0.0707,-0.122,0.9740000000000001,0.514,1.53,-0.0856,-0.303,0.665,-0.0116,-0.341,-0.47600000000000003,-1.26,-0.7040000000000001,0.0239,1.73,-0.0609,-0.14300000000000002,-0.823,-0.121,-0.5870000000000001,-0.603,0.636,0.529,0.55,0.423,-0.485,0.045,0.631,0.0875,0.00836,-0.998,-0.636,0.449,-0.235,0.48200000000000004,0.266,0.34,-0.439,1.64,0.00256,-0.11900000000000001,-0.00587,0.00867,-0.0877,-0.106,0.0451,0.514,0.13699999999999998,-0.0439,0.171,-0.307,-0.35,0.298,-0.128,-0.34
C3N-00858,1.38,-0.27399999999999997,-0.006670000000000001,-0.40399999999999997,0.955,-0.0394,1.6,-0.121,-0.36700000000000005,-0.716,-0.18600000000000003,-0.154,-1.14,-0.634,1.22,0.244,-0.589,0.297,-0.5720000000000001,0.7120000000000001,-0.635,-0.0573,0.18899999999999997,-0.611,-0.0399,0.46299999999999997,0.18100000000000002,-0.33299999999999996,-0.354,0.0733,0.13699999999999998,-0.598,-0.5539999999999999,-0.9079999999999999,-1.2,-2.03,-0.0538,1.43,-0.19,0.14800000000000002,-0.968,-1.52,-0.0731,-0.508,1.08,0.9670000000000001,1.3,-0.13,-0.006670000000000001,-0.23,-0.9209999999999999,-0.0508,-0.292,0.348,-0.16699999999999998,1.15,-0.371,0.647,-1.63,-0.0353,-0.539,-0.248,-0.142,-0.306,0.24100000000000002,0.0863,-0.377,0.12300000000000001,0.368,1.33,0.8690000000000001,0.153,-0.00118,-0.6990000000000001,-0.9259999999999999,-0.0137,-0.182,-0.41100000000000003
C3N-00866,0.9740000000000001,2.13,0.11900000000000001,0.275,2.91,0.0689,-0.935,0.122,-0.28,0.162,0.361,0.91,-0.5670000000000001,-0.588,0.862,0.225,-0.301,0.6559999999999999,-0.46,0.475,-1.25,0.21100000000000002,-0.0963,1.22,-0.376,0.0629,0.467,1.64,0.0539,-0.20600000000000002,1.06,4.03,-1.17,-0.733,-0.161,-1.54,-0.536,-1.04,0.0148,0.52,-0.434,-0.8909999999999999,-1.1,-0.263,0.172,0.0779,-2.22,0.106,-0.735,0.479,-0.276,-0.129,-0.00394,-0.797,-1.12,0.617,-3.04,0.306,-1.05,0.27399999999999997,-0.521,-0.0816,-1.1,-0.191,-0.636,-0.546,-0.866,0.36200000000000004,0.391,-0.0709,0.23800000000000002,-0.0882,-0.35600000000000004,-0.684,-0.498,0.0943,-1.19,0.563
C3N-00880,0.9159999999999999,-0.267,0.188,0.5579999999999999,2.8,0.5589999999999999,1.19,-0.41200000000000003,-0.17300000000000001,0.295,0.664,0.371,-0.934,-0.14800000000000002,0.861,0.868,-0.51,0.406,0.0614,0.382,-1.82,0.192,-0.21100000000000002,-0.77,-0.127,0.5429999999999999,1.06,1.3,-0.728,0.39299999999999996,1.29,-0.38299999999999995,-4.07,-1.23,-1.48,-3.63,0.0915,-0.114,-0.11800000000000001,-0.16399999999999998,-1.67,-1.24,0.69,-0.305,0.162,0.61,0.435,-0.12,-1.23,0.355,-0.0809,0.16,-0.28600000000000003,0.768,-0.7759999999999999,0.379,-2.15,0.6629999999999999,-1.38,-0.248,-1.02,1.71,-0.478,-0.065,0.809,-1.11,-1.95,-0.154,1.5,0.633,0.436,-0.141,-0.358,-1.42,-0.498,-0.0749,-0.055999999999999994,-0.161
C3N-01003,-0.919,0.633,-2.05,-0.6579999999999999,1.2,-0.42700000000000005,0.731,0.584,-0.33899999999999997,-0.755,0.29,-0.39399999999999996,1.29,-0.0846,-0.67,-0.0105,-0.205,-0.309,0.687,0.124,-0.7879999999999999,-0.146,-0.315,-0.322,0.106,0.509,0.502,0.0837,-0.44,-0.14300000000000002,0.37200000000000005,0.6709999999999999,-1.21,1.01,0.741,-1.2,0.10099999999999999,-0.7190000000000001,0.276,0.461,-0.976,-0.995,-0.894,0.275,-0.0378,0.493,1.08,-0.18899999999999997,0.578,-0.129,0.191,0.0169,0.278,0.8859999999999999,-0.0729,0.0174,2.81,0.38,-1.16,-0.139,0.0403,0.5529999999999999,1.71,-0.0387,-0.0102,-0.498,0.868,0.301,-0.42100000000000004,-0.0515,0.28300000000000003,-0.284,0.035,-0.429,-0.0849,0.12,-0.47,0.0164
C3N-01211,2.31,1.71,-0.852,-0.0511,-1.31,1.31,3.09,1.44,-0.794,1.56,-0.0542,0.444,-0.9079999999999999,0.0,1.94,0.767,0.0255,1.2,0.265,0.441,-0.0953,0.373,-0.0824,1.25,-0.0676,0.8029999999999999,0.315,-2.42,-0.136,-0.168,1.32,1.42,-0.49,-0.7490000000000001,-0.528,-1.46,-0.517,-0.485,-0.303,0.06,0.726,0.758,0.253,-0.433,0.271,0.5539999999999999,-0.8859999999999999,0.8079999999999999,-0.8390000000000001,0.26,0.11800000000000001,-0.948,-0.691,1.28,-0.9079999999999999,0.0939,0.248,0.43200000000000005,1.13,0.527,-0.275,-1.54,-0.33899999999999997,0.524,0.498,-0.987,-1.02,-0.579,-0.409,0.8859999999999999,-0.49700000000000005,0.22,0.233,-0.22899999999999998,1.25,-0.249,-0.187,-0.46
C3N-01212,0.409,-0.727,-0.691,-0.213,-1.28,0.79,-1.59,-0.007520000000000001,-1.11,0.223,-0.757,-0.316,-0.7859999999999999,-0.447,0.37,0.46799999999999997,-0.6629999999999999,1.92,-0.57,0.52,-0.7759999999999999,0.214,0.034,0.26,-0.0101,0.8740000000000001,0.953,-1.37,-0.29,-0.00483,0.19,2.16,-2.58,-1.73,-0.39299999999999996,-3.28,0.43200000000000005,1.0,0.0383,-0.74,-0.721,1.51,-0.7440000000000001,-0.261,-0.0949,-0.43200000000000005,-0.7659999999999999,0.616,-0.768,0.12,1.07,0.349,-0.26,-1.25,-0.758,0.222,-1.34,0.307,-0.345,0.0715,-1.15,-1.2,-0.44,0.27899999999999997,0.89,-0.6809999999999999,-1.71,-0.624,0.467,0.92,0.0825,0.755,0.0287,-0.363,-1.61,0.0697,2.0,-0.161
C3N-01217,0.9990000000000001,0.747,-0.052000000000000005,0.275,1.3,-0.28,-0.552,-0.0585,0.102,0.475,0.21,0.579,0.677,0.316,0.316,0.0759,-0.267,0.419,0.17800000000000002,-0.0624,1.46,-0.10400000000000001,0.00366,0.7190000000000001,0.14400000000000002,0.0586,0.988,2.5,0.168,0.0497,0.648,-0.149,1.86,0.397,0.826,1.81,-0.7609999999999999,-1.4,-0.0396,-0.738,0.7909999999999999,-0.887,0.261,-0.0562,0.113,0.225,-1.4,0.522,-0.188,-0.0124,1.34,-0.39399999999999996,-0.0676,-0.546,-0.139,0.818,0.747,0.221,0.841,-0.256,0.857,2.32,-0.94,0.0366,0.18100000000000002,0.747,0.8909999999999999,0.177,-0.134,-0.0225,-0.14800000000000002,0.532,-0.0329,0.966,2.22,-0.354,-0.26899999999999996,0.593
C3N-01219,1.27,1.85,-0.0183,0.409,0.8740000000000001,-0.19399999999999998,0.898,0.555,0.313,0.203,-0.376,0.0415,-0.9470000000000001,0.355,0.9470000000000001,0.213,-0.69,-0.303,-0.295,-0.135,-2.17,0.813,-0.0203,0.73,-0.187,0.102,0.231,-0.255,0.253,0.31,1.46,-0.493,-1.97,-0.39899999999999997,-1.56,-2.86,1.28,0.998,-0.256,0.446,-0.254,-1.86,-1.51,-0.478,0.221,-0.0859,0.479,-0.384,-0.391,0.262,-0.272,-0.27699999999999997,-0.0864,-1.13,-0.301,0.804,-2.29,0.319,-1.51,-0.154,-0.879,1.26,-0.17,0.11,0.40299999999999997,-1.77,-1.87,-0.0621,-0.374,0.746,-0.0989,0.5329999999999999,0.20800000000000002,-0.8909999999999999,0.0239,-0.0226,0.0867,-0.289
C3N-01267,3.45,2.67,-0.912,0.0,0.0,1.93,8.13,0.7190000000000001,0.436,-0.228,-0.107,1.17,0.006690000000000001,0.414,-0.605,0.301,0.33799999999999997,0.98,-0.528,-0.135,0.892,1.23,-0.0887,2.66,-0.162,0.6829999999999999,0.7190000000000001,0.12,0.37,-0.428,1.26,1.86,1.12,-0.282,0.332,-1.15,-0.243,-1.05,-0.171,0.54,0.7390000000000001,-1.16,-0.513,0.214,0.0071200000000000005,1.13,-2.05,-0.414,-1.08,-0.529,-0.007859999999999999,-0.0178,-0.754,-0.139,-0.7929999999999999,1.92,1.19,-0.0536,0.992,-0.213,0.9359999999999999,-0.64,0.213,-0.376,1.13,1.13,1.85,-0.335,0.073,-0.527,-0.358,0.0202,-0.14300000000000002,0.77,1.63,0.228,0.789,0.866
C3N-01346,0.597,0.82,-0.145,0.569,-1.69,-0.6809999999999999,-0.49,-0.0905,-0.34299999999999997,1.79,-0.244,1.57,-0.8029999999999999,-0.341,0.851,-0.252,0.156,-0.39,-0.39899999999999997,0.127,-0.5720000000000001,-0.145,0.27699999999999997,0.043,-0.0914,-0.0307,-0.633,-1.36,0.34299999999999997,0.309,-1.12,-2.33,-1.35,0.10099999999999999,-0.812,-2.5,0.7829999999999999,1.65,0.0564,0.305,0.875,0.657,0.46,-0.304,-0.247,0.0968,0.102,0.0921,-1.19,-0.345,0.0491,1.25,0.285,-1.5,-1.24,0.9990000000000001,-0.555,0.0377,0.774,0.209,0.168,1.06,-0.8420000000000001,0.285,0.43,-2.67,-0.449,-1.07,-2.18,0.884,-0.256,-0.528,-0.457,-0.301,0.877,0.485,4.09,-1.17
C3N-01349,0.873,3.76,0.34299999999999997,0.643,-1.61,-0.365,-1.57,0.168,0.0533,1.65,-0.0215,0.0767,0.254,-0.139,0.306,-0.28600000000000003,-0.5760000000000001,0.34,-0.223,0.0531,-2.6,0.0955,-0.24,0.87,0.14800000000000002,0.201,0.321,-0.52,0.0385,0.46399999999999997,-1.32,-0.41600000000000004,0.107,-0.151,-1.85,-1.66,1.39,2.9,-0.235,-0.0537,1.1,-0.18600000000000003,-1.55,-0.0872,0.0385,0.354,1.21,0.171,0.655,-0.467,-0.314,0.335,-0.45299999999999996,-1.51,0.389,1.11,-0.0587,-0.376,0.0561,0.11900000000000001,-1.32,-0.525,-0.191,0.602,-0.35200000000000004,-1.8,-1.84,-1.18,-1.64,0.171,0.0842,-0.33799999999999997,0.18899999999999997,-1.02,0.15,0.23399999999999999,0.33399999999999996,-0.495
C3N-01510,0.8859999999999999,2.59,0.56,0.136,0.239,1.19,3.99,0.865,-0.626,1.5,-0.42200000000000004,0.6459999999999999,-0.555,-0.525,-0.249,-0.11900000000000001,-0.12300000000000001,-0.0306,-0.46799999999999997,-0.0125,-1.98,0.444,-0.892,2.23,-0.105,-0.313,0.493,-0.43700000000000006,-1.02,-0.24600000000000002,1.03,0.53,-1.28,-0.5670000000000001,-1.77,-1.04,0.126,-0.5670000000000001,-0.0388,0.0226,-0.253,1.5,-1.39,-0.41200000000000003,-0.13699999999999998,-0.963,0.054000000000000006,0.0491,0.67,-0.292,-0.833,0.675,0.43700000000000006,-0.33799999999999997,0.221,0.29100000000000004,-0.228,-0.081,-1.37,-0.0116,-1.17,-0.894,0.71,0.379,-0.124,-1.56,-1.05,-0.71,-1.23,-0.248,-0.401,0.182,0.38,-0.752,-0.75,0.389,-0.598,0.789
C3N-01520,1.25,-0.12300000000000001,-0.195,-0.192,2.67,-0.0112,0.0395,0.825,0.0424,0.19399999999999998,-0.475,1.19,-1.24,-0.82,1.59,0.495,-0.884,-0.77,-0.888,0.0801,-1.54,0.504,-0.21899999999999997,0.32,-0.289,-0.109,0.653,2.76,-0.305,-0.185,1.88,-1.04,-4.61,-1.22,-1.83,-2.53,-0.31,1.18,0.0249,0.124,-1.16,-1.2,-0.547,-0.579,-0.009609999999999999,0.845,-0.00674,0.16399999999999998,-1.54,0.207,0.455,-0.382,0.21100000000000002,-1.71,-1.35,1.38,-2.31,0.287,-1.15,0.442,-0.82,0.531,-0.8240000000000001,0.126,0.457,-1.73,-1.96,0.18,-0.0803,0.419,-0.0635,0.361,-0.204,-0.6779999999999999,-0.544,0.166,-2.11,-0.113
C3N-01521,1.45,-0.0501,0.355,2.35,2.2,0.33799999999999997,-2.06,1.06,-0.665,0.649,-0.7609999999999999,1.05,0.484,-0.273,0.713,-0.0139,0.7170000000000001,-0.256,0.675,0.45899999999999996,-2.21,0.5660000000000001,0.0184,1.03,-0.00151,0.8490000000000001,1.25,1.35,-0.922,0.0911,1.34,-1.7,-2.92,-0.9279999999999999,-0.8420000000000001,-2.08,-0.778,-0.359,-0.17,-0.223,-0.452,-1.15,-1.98,-0.18,0.134,-0.511,-0.955,0.317,0.146,-1.22,0.746,0.095,0.465,-2.07,-0.525,0.833,-0.129,0.225,-1.63,0.39799999999999996,-1.42,3.89,-1.9,0.466,-0.435,-1.88,-1.44,-0.833,-0.774,-0.0847,0.133,0.312,0.00064,-0.758,-1.16,-0.258,-1.94,0.882
C3N-01537,0.8190000000000001,2.35,-0.233,0.513,-0.767,-0.44299999999999995,0.0425,-0.414,-0.607,-0.48700000000000004,0.157,0.314,1.16,-0.9209999999999999,-0.316,0.25,-0.276,-0.349,0.0244,0.312,-1.82,-0.0671,0.12300000000000001,-0.653,0.0102,0.5479999999999999,-0.0536,-0.792,0.12,0.595,-0.526,-0.426,-1.63,0.81,-0.56,-0.284,1.25,3.56,0.063,0.0902,-0.48100000000000004,-1.48,-2.22,-0.11,0.637,0.574,2.09,0.125,-0.485,-0.366,-1.74,-0.196,0.0589,0.33799999999999997,-0.708,2.2,0.8370000000000001,0.262,-1.24,-0.903,-0.539,-1.89,-0.956,0.0361,-0.307,0.0718,-0.26899999999999996,-0.502,-1.8,-0.0342,-0.401,0.239,0.08900000000000001,-1.19,-1.47,-0.0923,-1.22,0.37
C3N-01802,0.16,-0.773,-0.682,0.316,-2.0,-0.28800000000000003,1.41,-0.0328,-1.28,-0.0571,-0.33799999999999997,-0.0453,-0.581,-0.0785,0.0652,0.738,-1.2,-0.423,0.45,-0.0288,-1.35,0.64,-0.341,0.467,0.884,-0.249,-0.43799999999999994,-1.65,-0.537,0.179,-1.24,-0.129,-2.12,-0.836,-1.14,-2.91,0.71,2.87,-0.49700000000000005,-0.7340000000000001,-0.355,-0.294,-1.96,1.03,0.385,1.25,-0.541,0.574,-0.904,-0.0898,0.504,0.92,0.271,-0.991,0.89,2.43,-1.72,-0.17800000000000002,-0.23600000000000002,0.10800000000000001,-0.722,0.58,-0.8220000000000001,0.606,1.37,-2.36,-1.01,-0.621,1.03,1.23,0.43799999999999994,-0.441,0.7979999999999999,-1.21,-1.18,0.0571,4.04,-1.15
C3N-01825,0.18600000000000003,2.02,-0.373,0.705,-2.22,-0.429,1.92,-0.21600000000000003,1.57,0.816,0.00233,0.263,-0.243,0.9209999999999999,-0.0473,-0.304,0.303,0.511,0.556,-0.27,2.42,-0.065,0.139,0.264,0.237,-0.19399999999999998,-1.25,-2.44,0.475,0.444,-0.835,1.41,2.93,1.61,0.37200000000000005,1.58,0.73,0.818,0.0779,-0.624,2.28,1.23,1.15,0.273,-0.0742,-0.35700000000000004,1.28,0.0922,0.5710000000000001,0.13,0.657,-0.318,-0.275,0.221,0.9129999999999999,-0.205,1.08,-0.0555,1.59,-0.23199999999999998,1.52,-0.446,1.39,0.41600000000000004,-0.627,1.56,0.313,0.177,-0.45399999999999996,0.573,-0.61,-0.242,0.0576,1.84,3.58,0.0005650000000000001,1.34,-0.0778
C3L-00006.N,-0.152,0.995,0.318,-0.522,-2.18,0.265,1.37,-0.705,1.38,0.00547,0.298,-2.05,0.24,0.7559999999999999,-0.787,-0.39,0.585,-1.2,0.0722,-1.36,2.59,-0.0456,-0.0323,-0.113,0.402,-0.376,-1.34,-0.5760000000000001,0.877,0.1,-0.602,0.74,4.08,1.15,2.13,-0.564,-0.10099999999999999,0.6559999999999999,-0.0527,0.0308,0.0137,0.308,0.728,0.344,-0.804,-0.285,1.35,-0.444,2.19,0.866,-0.0248,-0.0307,0.0433,1.57,2.32,-0.322,2.16,0.114,-0.71,0.261,1.97,1.34,2.77,-0.165,-0.198,2.71,3.22,0.278,0.17300000000000001,-0.10300000000000001,0.182,-0.573,0.266,1.75,0.46,-0.0596,-0.664,0.395
C3L-00361.N,-0.9520000000000001,-0.111,0.21600000000000003,-0.261,-1.29,0.603,-0.9179999999999999,-0.81,2.49,-0.375,0.223,-0.7929999999999999,-0.41,1.02,0.435,-0.445,0.45799999999999996,-0.922,0.354,-0.22899999999999998,3.18,-0.48200000000000004,0.0555,-0.122,0.426,1.64,-0.856,1.22,1.27,0.14,-0.72,-0.757,3.07,1.8,2.02,3.61,0.0875,-0.203,0.22899999999999998,-0.57,0.532,0.299,1.85,0.8909999999999999,-0.129,-0.797,0.0314,-0.24,0.447,0.0307,0.114,1.03,0.0492,1.38,0.518,-0.5589999999999999,1.5,-0.39,0.795,-0.298,2.58,0.142,1.79,-0.28300000000000003,-0.11599999999999999,2.28,2.82,0.42700000000000005,0.217,0.0832,-0.5379999999999999,-0.17600000000000002,-0.0684,2.4,3.27,-0.484,1.25,0.00878
C3L-00563.N,-0.5529999999999999,-0.8290000000000001,0.45,-1.02,-2.6,-1.44,0.609,-0.713,0.84,-0.42100000000000004,-1.09,-1.91,-0.8079999999999999,1.86,-0.192,-0.462,0.6940000000000001,-1.43,1.11,-0.166,2.11,-0.7390000000000001,-0.0864,0.10400000000000001,0.547,-0.0569,-2.7,-1.45,1.08,-0.00755,-0.537,-0.51,4.47,1.38,1.93,1.66,-0.43200000000000005,0.32299999999999995,-0.221,-0.868,0.212,-0.42100000000000004,0.57,0.00448,-0.675,-0.9390000000000001,0.768,-1.35,1.59,-0.42700000000000005,-0.375,1.27,-0.518,1.42,1.03,-0.251,2.08,-0.21,0.183,-0.589,1.86,0.845,2.49,-0.51,-0.716,2.23,3.05,0.38799999999999996,0.32899999999999996,0.0605,0.336,-0.138,-0.294,1.46,0.0678,-0.254,-1.91,-0.0217
C3L-00586.N,-0.993,-1.31,0.16399999999999998,0.0832,-1.55,0.342,-1.24,-0.988,1.61,0.0633,-0.0997,-1.94,0.435,0.76,-0.0233,-0.6890000000000001,0.0196,-1.03,0.292,-0.58,2.69,-0.18600000000000003,0.08800000000000001,-0.489,0.138,-0.24100000000000002,-1.39,-0.9640000000000001,1.42,0.332,-1.13,-0.0231,3.33,1.61,1.63,3.13,0.5920000000000001,0.674,-0.0187,0.315,1.03,0.385,1.85,0.6579999999999999,-0.7959999999999999,-0.0794,-0.158,-0.239,-0.284,-0.0788,0.001,-0.35600000000000004,-0.0654,0.42,-0.105,-0.0179,2.01,-0.376,1.11,-0.337,2.18,-0.644,0.973,0.031,-0.518,1.87,2.3,-0.114,-0.633,-0.757,-0.14800000000000002,-0.201,-0.163,2.19,0.7759999999999999,-0.294,0.5479999999999999,-0.149
C3L-00601.N,-1.3,-1.32,1.29,-0.209,-2.7,0.161,-1.63,-1.35,0.597,-0.257,0.0036299999999999995,-1.95,0.28300000000000003,0.89,-0.742,-1.26,0.63,-1.24,0.344,-0.68,2.28,-0.377,0.0573,-0.46,0.5660000000000001,-0.505,-1.5,-1.2,1.27,0.015,-0.9790000000000001,-0.225,4.38,2.07,1.04,0.919,-0.613,0.364,-0.0294,0.0817,0.316,1.14,0.5670000000000001,-0.16399999999999998,-0.8340000000000001,-0.6829999999999999,-0.0497,-0.435,0.821,-0.0278,-0.55,0.134,0.536,1.81,0.8859999999999999,-0.39899999999999997,1.58,-0.319,0.307,-0.385,2.05,0.892,1.54,-0.17600000000000002,-0.894,2.27,2.09,0.49200000000000005,0.249,-0.731,0.00147,-0.23800000000000002,0.207,1.72,-0.21899999999999997,-0.11199999999999999,0.44,0.159
C3L-00605.N,-0.733,-0.0167,0.755,-0.769,-1.33,-1.15,1.02,-1.1,1.04,-0.5770000000000001,0.099,-1.5,0.575,0.684,-0.124,-0.258,0.295,-1.84,0.961,-0.46799999999999997,2.75,-0.823,0.00772,-0.0325,0.11900000000000001,-0.289,-0.1,-0.899,0.9520000000000001,0.0458,-0.845,-0.542,3.17,1.93,1.4,2.8,0.209,0.294,0.209,0.233,0.488,-0.0128,1.4,0.927,-0.87,-0.6509999999999999,0.38,-0.204,1.17,0.196,-0.568,0.174,0.0284,1.26,1.09,-0.359,1.37,-0.408,1.15,-0.289,2.11,0.361,1.44,0.0359,-0.79,2.27,2.21,0.00772,0.0382,-0.154,-0.203,-0.209,-0.45299999999999996,2.06,1.4,-0.402,0.7709999999999999,0.11599999999999999
C3L-00769.N,-0.66,0.934,0.52,-0.61,-1.64,0.298,1.46,-1.05,1.95,-0.0767,0.188,-1.45,0.0294,0.963,-0.9229999999999999,-0.409,0.539,-1.43,0.542,-0.518,3.05,-0.158,0.13,-0.13,0.353,-0.135,-1.49,-0.927,1.16,0.127,-0.20600000000000002,0.0685,3.14,1.57,1.43,1.55,-0.374,-0.912,0.0832,-1.23,0.349,0.66,1.56,1.18,-1.02,-0.6629999999999999,-0.285,-0.193,0.28300000000000003,-0.436,0.0571,-0.415,-0.00757,0.914,0.307,-0.778,2.26,0.0319,0.299,-0.536,2.37,0.18899999999999997,1.31,-0.531,-0.418,2.04,2.86,0.138,-0.126,-0.284,-0.10800000000000001,-0.33299999999999996,-0.0164,2.18,0.767,-0.38299999999999995,-1.19,-0.0779
C3L-00770.N,0.0401,-0.457,-2.45,-0.779,-1.35,-0.23199999999999998,0.82,-0.892,1.42,-0.34700000000000003,0.0411,-0.44,-0.0278,0.777,0.0381,-0.465,0.499,-2.46,0.48100000000000004,0.177,2.64,-0.0739,-0.38799999999999996,0.225,0.00139,-0.248,-0.489,0.247,1.28,0.526,-1.12,-1.3,0.48,1.59,1.53,3.26,-0.7170000000000001,-1.04,0.282,-0.27699999999999997,-0.106,-0.22,1.33,1.17,-0.0208,0.254,0.107,-0.83,1.84,0.23800000000000002,-0.115,-0.136,0.475,0.607,0.6970000000000001,-0.306,1.65,0.0957,0.505,-0.598,2.17,-0.005,1.66,0.713,-0.48200000000000004,1.83,2.37,0.35700000000000004,-0.516,-0.723,-0.46399999999999997,-0.00785,-0.0914,1.91,0.46799999999999997,0.17,0.00139,0.24100000000000002
C3L-00771.N,-0.966,-1.2,-0.534,-1.16,-2.31,-1.28,-0.0278,-0.39899999999999997,0.34299999999999997,0.0142,-0.292,-1.25,-0.9,0.436,-0.672,-0.888,0.16,-0.843,0.099,-0.413,2.04,-0.5489999999999999,0.7070000000000001,0.273,0.209,-0.242,-1.89,-2.52,0.777,-0.0494,-1.17,-0.45299999999999996,4.9,1.84,1.6,0.9179999999999999,0.433,1.08,1.03,0.13,1.41,1.26,1.16,1.67,0.266,-0.58,1.4,0.271,1.85,-0.34600000000000003,0.34600000000000003,1.4,1.11,1.19,1.61,0.0084,2.78,-0.087,1.69,0.5670000000000001,2.08,1.97,2.75,0.271,-0.494,2.34,2.55,0.917,0.85,0.26,0.34700000000000003,0.146,-0.28300000000000003,1.8,0.83,-0.00432,2.74,0.22899999999999998
C3L-00930.N,-1.01,1.0,0.72,-0.7979999999999999,-1.25,0.0219,-0.34,-1.05,2.61,0.812,-0.318,-0.494,0.0778,1.32,-0.508,0.115,0.18,-0.762,0.426,0.0791,3.56,0.109,0.19899999999999998,-0.256,0.633,-0.217,-1.54,1.65,0.8059999999999999,0.111,-0.21600000000000003,0.102,4.0,1.62,1.29,0.727,-0.0738,0.366,0.27699999999999997,-0.0207,2.25,0.7070000000000001,2.39,0.792,-0.319,-0.7340000000000001,0.396,-0.0896,1.09,0.11599999999999999,0.424,-0.0702,0.10800000000000001,0.61,1.4,0.303,1.21,-0.511,2.52,-0.33799999999999997,2.59,1.09,1.5,-0.251,-0.395,1.85,1.35,0.142,0.18,-0.213,-0.257,0.114,0.10300000000000001,2.45,5.75,-0.519,-0.0946,0.257
C3L-00932.N,-1.04,-0.541,0.35200000000000004,-0.539,-0.0637,0.158,-0.9229999999999999,-1.17,1.5,-0.0491,0.12300000000000001,-1.58,0.247,0.903,-0.586,-0.17,0.14300000000000002,-0.983,0.7240000000000001,-0.8140000000000001,2.7,-0.201,-0.0165,-0.8859999999999999,0.11699999999999999,-0.273,-0.8240000000000001,-0.889,0.838,0.12,-0.515,-1.23,2.83,1.34,1.29,3.44,0.191,-1.01,0.141,-0.672,0.382,-0.061,1.27,0.685,-0.748,-0.508,-0.58,-0.556,0.49700000000000005,-0.0379,-0.8759999999999999,-0.0661,0.243,0.8170000000000001,0.6729999999999999,-0.9179999999999999,1.66,-0.32799999999999996,0.335,-0.349,2.14,0.161,0.626,0.0242,0.8079999999999999,0.995,2.49,-0.128,0.265,-0.268,-0.11800000000000001,-0.355,-0.292,2.05,1.04,-0.46299999999999997,0.324,-0.13699999999999998
C3L-00947.N,-0.298,-0.847,0.35,-0.51,-1.46,0.243,1.72,-0.655,0.853,-0.62,0.24100000000000002,-1.96,-0.483,0.738,-1.3,-0.473,0.44,-1.66,0.45299999999999996,-0.301,2.4,-0.0953,0.0153,-0.239,0.28300000000000003,0.00922,-1.53,-0.317,1.15,0.111,-1.28,-0.731,2.67,1.8,1.03,1.65,0.0138,-0.0265,0.0419,0.16399999999999998,0.732,0.5820000000000001,1.22,0.9179999999999999,-0.8190000000000001,-0.884,0.493,-0.0438,0.509,-0.392,0.028999999999999998,0.226,0.5579999999999999,0.9059999999999999,0.45899999999999996,-0.642,1.49,-0.387,1.09,-0.249,2.08,0.221,1.23,0.0503,-1.19,1.62,2.28,0.32899999999999996,-0.153,-0.275,-0.44799999999999995,-0.256,0.0724,2.03,0.391,-0.325,1.23,0.0285
C3L-00963.N,-0.7559999999999999,-0.746,0.631,-0.655,-1.77,0.20800000000000002,-1.15,-1.39,1.05,-0.0337,0.281,-1.48,-0.132,0.74,-1.06,-0.10300000000000001,0.348,-1.22,1.36,-0.843,2.5,-0.22,-0.159,-0.501,0.26899999999999996,-0.541,-1.8,-0.611,0.915,0.172,-2.01,-1.51,2.75,1.55,1.75,0.6409999999999999,-0.0288,-0.0952,0.0965,-0.128,0.12,0.835,1.08,0.491,-0.774,-0.8140000000000001,0.0215,-0.738,0.292,-0.0107,0.13699999999999998,-0.24600000000000002,0.32799999999999996,1.4,0.536,-0.895,2.4,-0.205,0.00137,0.26899999999999996,1.93,0.7959999999999999,1.59,0.0116,0.586,2.29,2.62,0.013999999999999999,-0.245,-0.191,-0.262,-0.462,0.231,1.84,0.115,-0.33299999999999996,-0.602,0.405
C3L-01246.N,-1.24,-0.0825,0.754,-1.72,-1.53,-0.0361,-1.83,-2.04,1.21,-0.337,0.20800000000000002,-0.639,-0.682,0.69,-0.664,-0.136,0.165,-1.43,1.21,0.0538,2.37,-0.175,-0.085,-0.633,0.205,-0.402,-1.8,0.8959999999999999,0.823,0.239,-0.573,-0.55,3.64,2.07,2.22,1.23,0.0027300000000000002,-0.998,-0.00156,0.335,0.00898,0.862,1.18,0.659,-0.654,-0.988,-0.613,0.0375,0.585,-0.0778,0.0694,-0.0531,0.27399999999999997,1.39,1.02,-0.617,1.81,-0.424,-0.00323,-0.12300000000000001,2.09,0.9640000000000001,1.34,-0.159,-0.8320000000000001,2.37,2.76,-0.0255,-0.0262,-0.0867,-0.665,-0.23600000000000002,0.0642,2.03,0.691,-0.38799999999999996,-0.625,0.726
C3L-01249.N,-0.8029999999999999,-0.532,0.457,-0.373,-1.43,0.409,-1.52,-1.01,1.99,0.153,0.5429999999999999,-0.615,-0.8690000000000001,1.03,0.441,-0.48200000000000004,0.0907,-0.9209999999999999,0.636,-0.375,2.69,-0.426,-0.0463,-0.129,0.465,1.32,-0.8290000000000001,1.66,1.22,0.15,-0.7,-1.11,3.36,1.51,1.9,0.379,0.134,-0.35600000000000004,0.114,0.0394,0.284,0.31,1.57,1.11,-0.27399999999999997,-0.797,0.11900000000000001,-0.134,0.617,-0.00639,-0.045,0.562,0.21600000000000003,1.29,0.9490000000000001,-0.6859999999999999,1.25,-0.429,0.18,-0.182,2.22,1.29,2.24,-0.384,0.163,2.52,3.14,0.243,-0.273,-0.20800000000000002,-0.5820000000000001,-0.009609999999999999,0.151,2.01,0.8340000000000001,-0.542,-1.23,0.312
C3L-01252.N,-0.506,-0.85,0.40700000000000003,-0.0719,-0.648,0.0609,1.03,-0.8059999999999999,0.9179999999999999,0.23800000000000002,0.485,-5.31,-0.281,0.75,-0.353,-0.77,0.46,-1.26,-0.36200000000000004,0.0757,2.29,-0.42,0.0556,-0.006999999999999999,0.391,1.1,-2.06,0.0375,1.31,0.162,-1.29,-0.6629999999999999,2.9,0.7829999999999999,2.2,-0.135,0.23399999999999999,0.278,-0.424,-0.379,0.5710000000000001,0.055999999999999994,1.14,0.537,-0.794,-0.897,1.71,-0.402,2.41,0.322,-0.77,0.374,0.502,1.95,2.42,-1.05,1.68,-0.000681,-0.627,-0.297,1.79,0.706,2.24,0.0182,-1.03,2.4,3.09,0.285,0.865,-0.521,-0.12300000000000001,-0.109,0.22899999999999998,1.74,0.184,-0.198,0.145,-0.61
C3L-01256.N,-0.885,-1.8,0.867,-0.616,-1.79,-0.177,-0.503,-1.25,1.52,-1.11,0.12,-3.06,-0.627,0.711,-0.32799999999999996,-0.96,0.207,-1.23,0.86,-0.743,2.59,-0.40399999999999997,-0.0282,-0.00734,0.737,-0.182,-1.39,0.9520000000000001,1.19,0.0271,-0.831,-1.04,3.1,1.51,1.45,1.65,-0.11800000000000001,0.39899999999999997,0.139,-0.32299999999999995,-0.563,0.672,1.03,0.674,-0.17800000000000002,-0.743,-0.271,-1.31,0.774,0.541,-0.57,0.45,0.23399999999999999,1.58,0.8140000000000001,-0.7509999999999999,0.536,-0.434,0.657,-0.415,2.16,0.39,1.92,0.49700000000000005,-0.7609999999999999,2.63,3.1,0.18600000000000003,-0.2,0.0436,-0.46,-0.28,0.574,1.87,0.531,-0.233,0.436,0.364
C3L-01257.N,-0.879,0.9309999999999999,0.363,-0.541,0.133,-0.14400000000000002,-1.18,-0.508,1.04,-0.0499,0.35100000000000003,-0.217,0.402,0.7340000000000001,-0.256,-0.105,-0.015,-0.7759999999999999,1.06,-0.11199999999999999,2.35,0.0315,-0.0736,-0.449,0.0968,-0.251,-0.7070000000000001,0.593,0.735,0.0532,0.207,0.6759999999999999,1.64,1.29,1.62,3.15,-0.207,-0.42,0.14,-0.27399999999999997,0.452,-0.0557,1.01,0.375,-0.309,-0.27399999999999997,-0.11900000000000001,-0.0734,-0.0469,-0.132,0.364,-0.19399999999999998,0.145,0.667,0.301,0.13699999999999998,1.66,-0.355,0.955,-0.18,1.77,0.5529999999999999,0.44799999999999995,-0.209,-0.45799999999999996,1.25,2.35,0.145,-0.68,-0.0805,-0.214,0.075,-0.139,1.64,1.07,-0.282,-0.379,0.40299999999999997
C3L-01282.N,-0.436,-1.02,0.5379999999999999,-0.191,-0.6829999999999999,0.299,2.39,-1.01,1.31,-0.0993,0.225,-1.29,-0.145,0.61,-0.36700000000000005,-0.485,0.263,-0.816,0.542,-0.805,2.44,-0.14300000000000002,-0.17,0.0309,-0.301,-0.0802,-1.1,1.69,1.24,0.113,-0.998,-0.12,2.57,1.87,0.5539999999999999,2.77,0.11900000000000001,0.445,0.0713,-0.111,0.0202,0.578,1.11,0.68,-0.486,-0.0942,0.341,-0.304,0.012,-0.166,-0.0963,0.0326,0.10800000000000001,1.08,0.0773,0.0128,0.9690000000000001,-0.24,0.0768,-0.309,1.9,-0.131,0.68,-0.038,-1.08,1.98,2.25,0.0568,0.32799999999999996,-0.308,-0.128,0.0783,0.285,1.85,0.244,-0.20600000000000002,0.35700000000000004,0.0944
C3L-01304.N,-0.473,-0.434,0.499,-0.27,-0.5670000000000001,0.38299999999999995,2.89,-1.19,2.03,-0.525,0.575,-1.08,-0.325,1.32,-0.5660000000000001,-0.318,0.321,-1.17,0.575,-0.7659999999999999,2.84,0.0916,0.11800000000000001,0.314,-0.106,0.0514,-1.08,2.06,1.01,0.174,-0.769,-0.691,3.49,1.68,1.7,1.6,-0.0261,-0.22,0.23199999999999998,-0.0204,0.429,0.27399999999999997,1.52,0.9159999999999999,-0.5710000000000001,-0.155,0.28,-1.17,1.01,-0.341,-1.08,-0.0511,-0.000932,1.13,0.66,-0.451,1.41,-0.297,0.11800000000000001,-0.632,2.33,0.217,2.2,-0.0675,-1.05,2.38,3.08,0.21100000000000002,0.125,-0.44,-0.00761,0.0254,-0.396,2.13,1.88,-0.483,-1.14,0.336
C3L-01307.N,-0.49,-1.07,0.597,0.159,-1.13,0.298,2.1,-0.879,1.86,-0.5539999999999999,0.426,-1.44,0.294,0.899,-0.503,-0.47700000000000004,0.726,-1.03,0.46,-0.8590000000000001,2.93,-0.0773,0.0573,0.114,-0.0616,-0.25,-1.45,2.24,1.26,0.225,-1.15,-0.58,3.28,1.82,1.47,2.63,-0.183,-0.027999999999999997,0.303,-0.0881,0.51,0.321,1.47,0.953,-0.602,-0.308,1.24,-0.185,0.34299999999999997,0.14,-0.52,0.475,0.0508,1.03,0.14300000000000002,-0.861,1.96,-0.0555,0.36700000000000005,-0.14800000000000002,2.47,0.19899999999999998,1.12,-0.0235,-1.35,2.48,2.87,0.204,0.147,-0.35100000000000003,-0.124,-0.0207,0.0372,2.19,1.63,-0.43,-0.0907,0.447
C3L-01311.N,-0.612,-1.17,0.452,-0.456,-1.53,-0.109,0.287,-0.802,1.8,-1.09,0.395,-1.32,-0.18100000000000002,0.8320000000000001,-0.249,-0.544,-0.0182,-0.919,0.355,-0.574,2.3,-0.218,0.0736,-0.2,0.185,-0.315,-0.541,1.09,0.528,0.165,-0.132,-0.975,4.05,1.58,1.53,1.75,0.0861,0.163,0.11699999999999999,0.20800000000000002,0.115,0.568,1.51,0.469,-0.198,-0.19899999999999998,0.0551,0.301,0.39299999999999996,0.235,0.337,-0.0501,0.272,0.875,0.473,-0.0402,1.84,-0.386,0.645,-0.29600000000000004,1.94,0.324,0.524,0.0926,-0.606,1.6,2.45,0.39799999999999996,-0.40700000000000003,-0.11599999999999999,-0.28300000000000003,-0.265,0.254,1.89,1.22,-0.23,-0.569,0.0365
C3L-01744.N,-0.5660000000000001,-1.9,0.34,-0.5670000000000001,-1.93,-0.21100000000000002,-0.642,-1.53,2.27,-1.18,0.41600000000000004,-1.99,-0.46799999999999997,1.19,-0.00375,-0.413,0.0193,-1.28,1.8,-0.8490000000000001,2.9,-0.155,-0.0476,0.129,0.121,-0.49,-1.08,1.06,1.07,0.494,-0.915,-1.14,3.42,1.74,2.5,0.591,0.0753,0.386,-0.0783,-0.168,0.631,0.498,1.57,0.529,-0.196,-0.276,-0.0951,-1.09,1.52,0.133,0.113,0.256,0.28,1.21,1.67,-0.7929999999999999,2.33,-0.268,0.294,-0.667,2.32,0.157,2.25,0.48700000000000004,-0.688,2.25,3.07,0.34700000000000003,-0.0427,-0.14800000000000002,-0.45,-0.138,-0.184,2.23,1.77,-0.295,-0.124,0.9940000000000001
C3N-00200.N,-0.209,0.00795,0.569,-0.326,-2.07,0.266,1.48,-0.9740000000000001,1.99,-0.4,0.00442,-1.79,-0.0887,1.17,-0.384,-0.7440000000000001,0.47100000000000003,-2.13,-0.11800000000000001,0.12300000000000001,3.1,0.0325,0.267,0.213,0.795,-0.401,-1.19,-0.263,1.45,0.312,-0.643,-0.8059999999999999,3.58,1.47,2.07,3.31,-0.218,-0.853,0.42100000000000004,-0.198,1.3,-0.1,1.96,1.07,-0.301,-0.0692,0.513,-0.564,0.9179999999999999,-0.318,-0.26,0.368,0.0573,0.8740000000000001,1.04,-0.48100000000000004,3.01,-0.0121,0.9,-0.419,2.63,0.8079999999999999,2.52,0.41100000000000003,-0.41600000000000004,1.99,2.8,0.48100000000000004,0.0124,-0.142,0.00889,-0.384,0.289,2.39,2.7,-0.41100000000000003,0.10400000000000001,0.179
C3N-00333.N,-0.9790000000000001,1.46,0.245,-0.491,-1.43,0.401,1.5,-1.19,2.3,0.134,0.408,-2.33,0.20199999999999999,0.8809999999999999,-1.01,-0.469,0.6759999999999999,-1.3,1.08,-0.823,2.84,-0.0798,0.071,-0.0453,0.8190000000000001,-0.221,-2.18,-1.17,1.37,-0.0197,0.179,0.344,3.75,1.31,2.68,-0.7190000000000001,0.0817,-0.223,0.0461,-0.168,0.581,0.9229999999999999,1.31,0.555,-1.03,-0.606,1.98,-0.42,1.64,0.965,0.0819,-0.253,0.0764,1.14,2.58,-0.98,2.36,-0.0208,0.361,-0.508,2.57,0.613,3.07,-0.6609999999999999,-0.18100000000000002,2.81,3.19,0.809,-0.0883,-0.265,0.355,-0.47200000000000003,-0.7879999999999999,2.25,0.425,-0.40700000000000003,-1.26,0.45
C3N-00383.N,-0.894,0.514,0.13699999999999998,-0.28800000000000003,0.0112,0.652,-1.83,-1.32,2.56,-0.293,0.126,-0.425,-0.664,0.713,0.33,-0.899,0.47700000000000004,0.0106,-1.34,0.287,2.97,-1.09,-0.292,-0.22699999999999998,0.19,0.978,-0.809,1.36,1.18,0.486,-0.7929999999999999,-0.662,3.76,1.4,1.38,0.293,-0.166,0.424,0.20199999999999999,-0.235,1.4,1.2,2.0,0.792,-0.364,-1.02,0.124,-0.267,0.757,0.40700000000000003,0.0723,0.423,-0.203,1.07,0.745,-0.965,2.34,0.435,-0.146,-0.259,2.41,0.595,1.17,-0.265,-0.321,2.69,2.15,0.342,0.541,0.0015,-0.138,-0.0481,0.301,2.17,2.58,-0.479,-1.07,-0.0618
C3N-00729.N,-0.42100000000000004,0.187,0.188,-0.3,-0.547,-0.0937,-1.32,-0.447,0.0715,0.233,-0.01,-1.75,0.657,0.342,-0.184,-1.08,0.311,-0.287,2.4,-1.11,1.21,-0.122,-0.0551,-0.0361,0.486,-0.667,-0.938,0.465,0.5539999999999999,-0.00507,-0.406,0.0547,1.73,0.284,2.41,-1.71,0.157,0.439,-0.0269,-0.304,0.382,0.228,0.0636,0.342,-0.41200000000000003,-0.33899999999999997,1.61,-0.0351,2.0,-0.0171,-1.55,0.727,0.0975,1.33,1.81,-0.494,4.07,-0.122,-0.19899999999999998,-0.46299999999999997,1.17,-0.584,2.38,-0.0311,-0.42700000000000005,3.04,3.76,0.466,1.05,-0.622,0.113,-0.24100000000000002,0.331,0.772,-0.7929999999999999,-0.213,0.747,0.15
C3N-00858.N,0.0958,1.97,0.152,-0.527,-1.45,0.157,1.63,-1.0,1.02,-0.534,0.9990000000000001,-3.13,0.65,0.887,-0.87,0.821,0.39,-1.18,2.31,-0.221,2.18,-0.266,0.35600000000000004,0.18100000000000002,0.48100000000000004,-0.645,-2.24,0.21600000000000003,0.9490000000000001,0.0218,-1.41,0.133,4.0,0.873,1.02,1.32,0.0983,0.763,-0.033,0.187,1.12,1.22,1.32,0.156,-0.857,-0.711,2.25,0.126,2.15,-0.256,0.259,0.0828,0.233,1.08,2.14,-0.703,2.55,-0.332,0.14400000000000002,-0.382,1.75,0.336,3.15,0.215,-0.47600000000000003,1.99,3.13,0.29,-0.271,-0.603,-0.18,0.152,0.147,1.48,-0.255,-0.0947,-0.153,-0.0399
C3N-00866.N,-0.973,-0.29600000000000004,0.588,-0.509,-0.81,0.0108,-3.99,-1.7,0.0896,-0.155,0.294,-1.33,-0.0474,0.747,-1.32,0.23,0.45,-1.17,0.978,-1.18,2.11,-0.483,-0.133,-0.767,0.24100000000000002,-0.581,-3.02,-0.838,0.6409999999999999,-0.00863,-2.54,-0.263,2.64,1.54,1.54,0.569,0.174,-0.451,-0.08900000000000001,-0.612,0.11599999999999999,0.264,0.42700000000000005,0.441,-0.82,-1.04,0.925,-0.797,1.67,0.159,-0.992,0.0108,0.71,2.13,1.94,-1.37,2.52,-0.331,-0.267,-0.0886,1.69,0.155,2.64,-0.196,0.514,2.84,3.51,0.354,0.701,-0.0505,0.23800000000000002,-0.124,0.146,1.45,0.89,-0.32899999999999996,0.23800000000000002,0.306
C3N-01211.N,-0.21899999999999997,-0.32299999999999995,-0.541,-0.677,-2.99,-0.44799999999999995,2.71,-0.452,1.72,-0.574,0.157,-1.44,-0.0561,1.12,-0.133,-0.797,0.147,-1.14,0.963,-0.276,3.07,-0.2,0.19,0.044000000000000004,0.64,-0.8290000000000001,-1.65,-3.16,1.5,0.39899999999999997,-1.47,-0.6990000000000001,2.89,1.34,1.72,-1.54,0.61,-0.779,0.226,0.395,0.88,-0.0014,2.3,0.63,-0.691,-0.0136,1.73,0.5670000000000001,1.84,-0.301,0.162,1.26,0.638,0.586,2.34,-1.2,2.33,-0.0688,1.22,-0.20600000000000002,2.4,2.56,3.0,0.253,-0.907,1.37,1.86,0.319,-0.0397,-0.39399999999999996,0.515,-0.175,-0.10099999999999999,2.2,2.66,-0.521,2.31,0.213
C3N-01346.N,-1.43,-0.595,0.46799999999999997,-0.145,-2.69,-0.49200000000000005,-2.62,-1.19,1.59,0.927,0.301,-1.39,-0.0755,1.0,-0.6809999999999999,-0.489,0.5710000000000001,-2.31,0.435,-0.9229999999999999,3.13,-0.654,0.147,-0.41100000000000003,0.397,-0.523,-2.1,-0.5329999999999999,1.53,0.397,-2.28,0.131,2.33,1.75,1.81,3.43,-0.22899999999999998,-0.146,0.11199999999999999,-0.41,1.58,0.695,1.13,0.953,-0.258,-1.39,0.778,-0.15,1.06,0.278,0.20800000000000002,0.235,0.29100000000000004,1.73,0.872,-1.21,2.53,-0.10300000000000001,1.87,-0.196,2.38,0.732,1.69,0.256,-0.696,2.32,3.09,-0.0607,-1.86,0.0212,0.149,-0.159,-0.22699999999999998,2.34,0.2,0.105,0.009590000000000001,-0.0493
NX1.N,0.424,-0.0672,-0.0252,-0.44299999999999995,-0.341,-0.6970000000000001,-0.444,0.239,0.256,0.245,0.636,0.013000000000000001,0.402,0.13699999999999998,0.0557,0.491,0.0196,-0.691,1.22,-0.114,0.9309999999999999,0.375,0.0117,-0.758,-0.0799,-0.22399999999999998,0.253,-0.948,-0.5820000000000001,0.024,0.24100000000000002,-1.14,1.01,0.319,3.05,1.03,-0.677,-1.61,0.0865,0.35,-0.242,-0.263,0.8759999999999999,0.525,-0.415,0.8190000000000001,1.21,-0.373,-0.214,0.5710000000000001,0.442,-0.62,0.14300000000000002,0.40299999999999997,-0.49200000000000005,-0.267,1.68,0.0642,1.83,-0.0244,0.828,-0.496,1.43,-0.165,0.013999999999999999,-0.509,1.55,0.237,-0.221,-0.239,-0.0529,0.0312,-0.42,0.882,-0.828,0.461,-2.73,0.18100000000000002
NX10.N,0.272,-0.13,0.196,0.426,-0.898,0.177,-2.19,-0.12,0.287,-1.38,0.425,0.5429999999999999,2.2,0.47700000000000004,-0.10099999999999999,0.062,-0.105,-0.0159,1.64,0.172,0.745,0.777,0.19,,-0.0155,0.0337,0.128,-3.44,0.42700000000000005,0.0632,-0.633,-0.838,-0.38299999999999995,0.299,0.151,1.79,0.0415,-1.93,-0.0597,-0.00405,-0.196,2.28,-0.0821,0.634,-0.267,0.301,1.18,-0.611,1.12,0.392,-0.193,-0.0296,-0.102,0.184,0.853,-0.318,1.58,-0.098,0.938,-6.92e-05,0.0197,-0.909,1.27,0.273,0.34600000000000003,-0.256,0.040999999999999995,-0.275,0.14,,0.324,0.0139,-0.087,0.552,0.19899999999999998,-0.0345,0.7,-0.244
NX11.N,0.606,-0.912,0.536,0.7909999999999999,-0.562,-0.134,-2.28,0.287,-0.069,-0.28600000000000003,0.617,0.365,0.642,0.579,0.27399999999999997,-0.0159,0.129,-0.248,-0.402,0.0581,-0.5429999999999999,0.9490000000000001,0.126,,-0.302,-0.023,0.5529999999999999,-3.55,-0.498,0.067,0.512,1.09,-1.04,0.11199999999999999,1.35,0.763,-0.341,-2.75,0.0726,0.359,-0.177,0.187,-0.237,0.0137,0.12,0.983,1.32,-0.591,0.841,0.542,0.39299999999999996,-0.0561,0.015,0.0863,0.8859999999999999,0.023,-0.441,-0.0911,1.83,0.0485,-0.302,-0.3,1.27,0.31,0.613,-0.912,0.765,-0.013000000000000001,0.428,,0.0785,-0.365,0.19399999999999998,-0.321,-0.727,0.332,-0.858,-0.27899999999999997
NX12.N,0.58,-0.705,0.225,0.43200000000000005,-0.12300000000000001,-0.228,-2.09,0.57,0.0376,-0.254,0.282,0.631,0.846,0.474,-0.249,0.34600000000000003,-0.0222,-0.579,-0.077,0.191,-0.62,0.763,0.0509,,0.7440000000000001,-0.366,0.461,-3.12,-0.341,-0.0592,-0.376,0.0546,-1.8,-0.0441,0.843,1.09,-0.000225,-2.82,-0.131,0.272,0.11800000000000001,1.12,0.0744,0.41,0.282,1.12,0.706,-0.10099999999999999,0.904,0.21,0.5820000000000001,0.145,-0.0168,0.109,0.92,0.22399999999999998,-0.368,-0.196,1.58,0.0865,-0.063,-0.0393,1.5,0.502,0.715,-0.914,0.426,0.0302,1.72,,0.342,0.0511,-0.402,-0.0608,-0.359,0.179,1.06,-0.188
NX13.N,0.11900000000000001,-0.708,0.36700000000000005,0.151,-0.363,-0.317,-2.05,0.516,-0.0737,0.226,0.522,0.0328,0.983,0.5329999999999999,-0.0227,0.0554,0.174,-0.588,-0.149,0.0791,-0.9329999999999999,0.307,0.381,,0.294,0.127,0.648,-2.54,-0.47200000000000003,-0.0529,0.121,1.28,-2.59,-0.42700000000000005,0.81,0.737,-0.27899999999999997,-2.82,-0.00233,0.406,0.617,0.8109999999999999,-0.525,0.225,0.124,0.9179999999999999,2.72,-0.134,1.68,0.917,0.22899999999999998,0.00316,0.0146,0.7909999999999999,2.25,-0.363,-1.37,-0.18,2.12,0.11599999999999999,-0.462,-0.94,1.75,0.812,0.462,-0.996,0.879,-0.0647,0.355,,0.11800000000000001,-0.293,-0.147,-0.452,-0.0458,0.294,-0.395,-0.439
NX14.N,-0.6409999999999999,1.08,-0.154,-0.424,0.6990000000000001,-0.209,-1.86,-0.537,-0.0546,-1.09,0.353,0.555,2.24,0.228,-0.13699999999999998,0.303,0.0374,-0.419,-0.252,0.0835,-1.42,0.755,-0.0756,,-0.10400000000000001,0.0651,0.58,-3.84,-0.669,-0.231,0.71,-1.25,-3.37,-0.0418,0.529,0.626,-1.03,-3.05,0.0696,0.297,-1.19,1.17,-1.76,0.266,-0.01,0.401,0.499,0.604,0.765,0.21100000000000002,-0.192,-0.281,-0.0548,-0.0107,0.248,3.7e-05,-0.889,-0.0045,-0.469,-0.10099999999999999,-0.33,0.9990000000000001,0.191,-0.182,1.29,-0.932,0.177,-0.371,1.46,,0.44299999999999995,0.0802,0.159,-0.48100000000000004,0.271,0.172,-0.767,-0.33299999999999996
NX15.N,-0.17300000000000001,-0.284,-0.0193,-0.225,-0.0673,-0.345,-2.12,0.0603,-0.113,-0.857,0.263,0.569,0.865,0.165,0.0674,0.495,0.155,-0.126,0.0094,0.11699999999999999,-1.01,0.68,0.113,,-0.158,-0.233,1.04,-3.92,-0.675,-0.0877,1.03,-0.585,-2.89,-0.405,1.21,0.447,-0.441,-2.6,0.0228,0.413,-0.182,3.04,-0.7170000000000001,-0.0288,0.355,1.23,1.54,0.782,0.505,0.496,-0.10300000000000001,-0.306,-0.107,0.11599999999999999,0.887,0.284,-0.866,0.0337,0.505,-0.0706,-0.475,2.38,0.5770000000000001,0.395,1.2,-1.15,0.319,-0.161,-0.0267,,-0.0446,0.115,-0.231,-0.536,-0.0759,0.0114,-0.22399999999999998,-0.391
NX16.N,0.685,0.93,0.5,-0.222,-0.413,-0.187,-2.16,0.11599999999999999,0.184,-1.12,0.365,0.738,2.0,0.493,-0.8140000000000001,0.10300000000000001,0.0551,-0.642,2.28,-0.0801,-0.158,0.465,0.25,,0.0641,-0.294,-0.546,-3.22,0.625,-0.0907,-0.6709999999999999,0.19899999999999998,0.0496,0.49,0.0,0.201,1.28,-1.34,-0.0808,0.125,-0.495,-0.0155,-0.0446,0.485,0.0134,0.568,1.68,-0.301,1.38,0.833,-0.777,0.188,-0.0608,0.226,1.5,0.275,0.971,-0.368,2.15,0.0029,0.513,-0.6859999999999999,1.4,0.373,0.11,-0.0263,-0.31,-0.38299999999999995,0.198,,0.20199999999999999,-0.3,-0.040999999999999995,0.27699999999999997,-0.16699999999999998,-0.0719,2.54,0.562
NX17.N,0.8170000000000001,0.152,-0.5429999999999999,0.815,-0.41200000000000003,0.25,-7.05,0.22699999999999998,0.217,-1.28,-0.0124,0.614,0.8029999999999999,0.129,-1.03,-0.11199999999999999,-0.397,0.184,0.596,0.068,-1.12,0.5870000000000001,-0.10400000000000001,,0.753,-1.18,0.504,-5.5,-0.212,-0.0423,-1.0,-0.11800000000000001,-3.91,-0.175,0.0749,-0.452,1.21,-1.69,-0.162,-0.23800000000000002,-1.18,1.5,-1.09,0.462,-0.0192,1.2,0.5479999999999999,-0.7340000000000001,-0.0348,0.0101,-1.05,0.0295,-0.149,-0.204,0.233,0.564,-0.28300000000000003,-0.196,2.42,-0.26,-0.00231,-1.07,1.0,0.21600000000000003,0.912,-0.114,-1.12,-0.335,0.816,,0.6970000000000001,0.138,-0.309,-0.244,-1.03,-0.256,0.7440000000000001,-0.451
NX18.N,-0.342,1.18,0.052000000000000005,-0.655,-0.218,-0.34700000000000003,-2.12,-0.0189,-0.18600000000000003,-0.973,0.315,0.41200000000000003,0.8759999999999999,0.14400000000000002,0.38,0.24100000000000002,0.281,-0.35700000000000004,0.0481,-0.064,-1.06,0.478,0.10099999999999999,,-0.33,-0.0844,1.11,-3.72,-0.72,-0.0467,0.877,-0.483,-2.74,-0.706,1.51,1.46,-0.8009999999999999,-2.11,0.15,0.5589999999999999,-0.251,2.97,-0.44,0.0363,0.19,1.03,1.2,0.8290000000000001,0.47,0.187,-0.57,-0.0684,0.0092,0.243,-0.0872,0.21899999999999997,-0.843,-0.23600000000000002,0.9009999999999999,0.11599999999999999,-0.324,2.43,0.6920000000000001,0.41200000000000003,0.92,-0.9670000000000001,0.6659999999999999,0.0215,0.179,,0.24100000000000002,-0.264,0.0767,-0.38799999999999996,-0.794,0.29100000000000004,0.447,-0.11199999999999999
NX2.N,-0.40399999999999997,1.28,0.596,-0.214,0.106,0.42200000000000004,-0.47100000000000003,0.29100000000000004,0.295,-0.20600000000000002,0.3,-0.213,1.44,0.18899999999999997,-0.511,0.345,-0.312,-0.0747,0.607,-0.39799999999999996,0.488,-0.0153,-0.22699999999999998,-0.856,-0.0278,-0.368,-0.74,-0.892,0.128,-0.2,-1.07,-0.00962,1.21,0.165,0.9179999999999999,2.23,1.02,-1.04,-0.0718,-0.0362,-1.04,0.953,0.12,0.175,-1.08,0.304,-0.593,0.201,-0.196,-0.151,1.47,-0.0292,-0.0298,-0.304,-0.44,-0.809,0.8759999999999999,-0.0616,-0.5489999999999999,-0.226,0.5529999999999999,-1.68,-0.35,-0.391,0.0,-0.823,0.0854,-0.57,-1.16,-0.332,0.207,-0.16,-0.196,0.72,-0.7809999999999999,0.13,1.03,1.04
NX3.N,-1.13,-1.95,0.365,-0.266,-0.47700000000000004,-0.484,-2.69,-0.316,0.598,0.214,1.07,-1.22,0.68,0.337,-1.23,-0.0167,0.325,-1.45,2.45,-0.16,1.9,-0.16699999999999998,-0.257,-0.26899999999999996,0.0164,0.000746,-0.3,-0.8109999999999999,0.731,-0.128,-0.598,-0.632,1.95,1.02,1.8,3.82,-0.39799999999999996,-2.04,-0.161,-0.0784,0.687,-0.504,0.741,0.182,-0.539,0.258,-0.185,-0.722,1.31,-0.516,-1.43,-0.48100000000000004,0.7120000000000001,1.16,0.976,-0.654,1.51,0.0441,1.39,-0.0797,1.71,-0.245,1.51,-0.40399999999999997,-0.528,1.02,2.57,0.0709,0.747,0.15,-0.22899999999999998,0.239,-0.34299999999999997,1.41,0.00322,-0.203,-1.8,0.941
NX4.N,-0.205,-2.33,0.282,-0.0843,0.723,-0.136,-1.52,-0.436,0.0966,-0.33799999999999997,0.8320000000000001,-0.20800000000000002,1.25,0.303,-0.682,0.17300000000000001,0.0,-0.581,1.11,0.022000000000000002,0.9,0.26,0.0226,-0.945,0.106,0.188,-0.0613,0.39899999999999997,0.0784,-0.247,0.0215,0.8240000000000001,1.45,0.9229999999999999,1.74,2.7,-0.102,-2.04,-0.0215,-0.171,0.221,-0.0861,0.21,0.203,-0.0852,0.628,0.87,-0.524,0.5820000000000001,0.00968,-0.586,-0.198,0.359,0.92,0.985,-0.07400000000000001,1.26,0.14400000000000002,0.20800000000000002,-0.239,0.6970000000000001,-0.204,0.469,-0.72,-0.301,0.866,1.25,-0.0532,0.375,-0.13,-0.0767,0.593,-0.239,0.63,0.007109999999999999,0.0228,-0.932,0.8079999999999999
NX5.N,-0.682,-1.88,0.244,0.998,-0.609,-0.35,-1.22,0.47100000000000003,-0.0896,-0.7509999999999999,0.0796,0.396,1.79,0.188,-0.665,0.37799999999999995,-0.376,-0.135,0.408,-0.138,0.51,-0.223,0.23800000000000002,0.502,-0.365,0.0699,-0.11,-0.642,0.0555,-0.214,-0.14,1.87,0.303,0.655,1.13,0.792,0.8059999999999999,-1.71,-0.42700000000000005,-0.25,0.0966,-0.774,-0.0014,-0.0597,-0.007640000000000001,0.313,-0.37799999999999995,-1.29,-0.0537,-0.345,-0.8079999999999999,-1.08,0.106,0.281,-1.15,-0.6829999999999999,0.27399999999999997,0.0134,-0.359,-0.0591,0.705,-1.41,-0.0014,-0.369,0.121,-0.132,-0.747,-0.6579999999999999,-0.659,-0.18100000000000002,-0.711,-0.264,-0.228,0.475,-0.0595,-0.331,-0.163,0.741
NX6.N,0.613,-2.33,0.13,-0.387,-1.03,-0.823,-0.29,-0.127,0.452,-1.02,0.526,-0.499,1.97,0.332,-0.258,0.368,0.102,-1.37,2.4,0.177,1.19,0.14400000000000002,-0.0413,-0.35,-0.0398,-0.373,0.35,-1.08,0.825,0.0499,-0.107,-0.9790000000000001,1.22,0.59,2.21,1.73,0.391,-1.99,0.0689,0.48700000000000004,0.0237,-2.56,0.787,0.5770000000000001,-0.21,0.8909999999999999,0.363,-0.24100000000000002,0.315,0.14300000000000002,0.22899999999999998,-0.71,-0.00912,-0.0793,-0.00011399999999999999,0.0249,1.5,-0.0411,1.94,0.0189,1.03,-0.428,0.716,-0.2,-0.0664,-0.16699999999999998,0.9470000000000001,-0.251,-0.799,-0.371,0.309,-0.405,-0.226,1.22,-0.435,-0.11599999999999999,0.29600000000000004,1.0
NX7.N,-0.629,1.02,0.38,0.5429999999999999,-0.748,-0.408,-0.765,-0.0106,0.0591,-0.7,0.547,-0.18600000000000003,1.23,0.23600000000000002,-1.28,0.22699999999999998,0.365,-0.992,1.31,0.0509,0.903,-0.162,-0.10300000000000001,-0.0882,-0.28,-0.171,-0.196,-0.418,0.344,-0.205,-0.5479999999999999,0.828,1.18,0.981,1.8,1.7,0.23,-1.77,-0.131,-0.122,0.0314,-0.184,-0.11800000000000001,0.293,-0.741,0.0665,-0.0301,-1.02,0.139,-0.462,-0.516,-0.988,0.517,1.21,-0.588,-0.922,0.138,0.0226,0.249,-0.368,0.757,-0.5760000000000001,0.316,-0.121,-0.0616,1.07,0.6970000000000001,-0.24,0.0166,-0.273,-0.58,-0.305,-0.268,0.691,0.027000000000000003,-0.0431,-0.42200000000000004,0.8059999999999999
NX8.N,-0.0763,-1.48,-0.162,-0.0693,-1.06,-0.695,0.365,0.134,0.318,-0.425,-0.00396,-0.23199999999999998,1.42,0.308,0.379,0.115,0.0943,-0.912,1.78,0.0848,0.86,0.10400000000000001,0.0288,-0.627,-0.12300000000000001,-0.40299999999999997,0.14800000000000002,-2.86,0.523,-0.14300000000000002,-0.32899999999999996,-1.15,0.452,0.745,1.83,1.48,-0.324,-1.58,0.0905,0.115,0.218,0.0995,0.682,-0.121,-0.006370000000000001,0.79,1.08,-0.556,0.669,0.095,-0.626,1.05,0.539,0.326,0.695,-0.633,1.56,-0.19399999999999998,1.7,-0.133,0.7559999999999999,0.22899999999999998,1.35,-0.15,-0.32799999999999996,0.23600000000000002,1.46,-0.106,-0.934,-0.258,-0.585,-0.254,-0.305,0.9159999999999999,-0.382,0.171,3.02,0.664
NX9.N,-0.0452,-1.65,0.223,-0.6809999999999999,-2.69,-0.622,0.6859999999999999,-0.7959999999999999,1.52,-1.06,-0.136,-0.99,1.02,0.502,-0.156,-0.0602,0.332,-1.13,2.72,-0.207,2.11,0.128,-0.0151,-0.628,0.265,-0.47600000000000003,-0.606,-2.69,1.24,-0.0612,-0.315,-1.64,1.76,1.68,1.37,1.37,0.266,-2.25,0.20600000000000002,0.0134,0.44,-0.225,1.71,0.187,-0.0281,0.6459999999999999,0.0774,-0.662,1.34,-0.132,0.289,2.96,0.129,-0.0825,1.54,-1.79,2.18,-0.222,1.1,-0.129,1.73,0.17800000000000002,0.986,-0.557,-0.53,1.27,2.17,-0.266,-0.45399999999999996,-0.626,-0.389,-0.141,0.0562,1.83,0.871,-0.128,4.62,1.17
